Lender Name,Owner Name,Owner Name 2,Address,City,ZIP Code,Recording Date,Sale Price,Owner Type
144828,JROCS HOLDINGS LLC,,6445 Neddy Ave,West Hills,91307,01/27/2025,"$820,000",company
144828,SUGAR PORCH RESIDENTIAL LLC,,24155 Kittridge St,West Hills,91307,02/04/2025,"$865,000",company
ANCHOR LOANS LP,MIRAVALLE GENERAL CONTRACTOR I,,6667 Royer Ave,West Hills,91307,10/18/2024,"$827,500",company
EASY STREET CAP CA LLC,ALLIANCE PORTFOLIO LLC,,22730 Haynes St,West Hills,91307,05/01/2025,"$680,000",company
152575,WOUNDMED INC,,22658 Victory Blvd,Woodland Hills,91367,04/22/2025,"$1,250,000",company
144828,RACLIN CONSTRUCTION DEV INC,,5500 Fenwood Ave,Woodland Hills,91367,04/16/2025,"$1,240,000",company
144828,ANNA HOMES LLC,,24201 Caris St,Woodland Hills,91367,08/07/2024,"$1,350,000",company
144828,24100 PHILIPRIMM LLC,,24100 Philiprimm St,Woodland Hills,91367,12/06/2024,"$1,300,000",company
ANCHOR LOANS LP,ABERFORD INVESTMENTS LLC,,5101 Boda Pl,Woodland Hills,91367,12/30/2024,"$1,675,000",company
144828,LDR INVESTMENTS LLC,,23755 Clarendon St,Woodland Hills,91367,11/20/2024,"$1,265,000",company
ANCHOR LOANS LP,TLP 1 LLC,,6234 Watertree Ct,Agoura Hills,91301,03/28/2025,"$1,375,000",company
144828,29204 DEEP SHADOW DRIVE LLC,,29204 Deep Shadow Dr,Agoura Hills,91301,07/25/2024,"$1,012,000",company
152575,MAGNET DEV LLC,,32075 Canterhill Pl,Westlake Village,91361,07/12/2024,"$2,150,000",company
EASY STREET CAP CA LLC,KHACHIKYAN ARMEN,,4710 Park Granada #178,Calabasas,91302,06/28/2024,"$450,000",individual
144828,PRIME VUE STUDIO CITY LLC,,4966 Dunman Ave,Woodland Hills,91364,08/20/2024,"$1,265,000",company
EASY STREET CAP CA LLC,MATPA LLC,,7827 Hesperia Ave,Reseda,91335,09/25/2024,"$756,000",company
144828,HOUSE TEAM INC,,17852 Elkwood St,Reseda,91335,02/03/2025,"$640,000",company
144828,LEGACY GROUP INVESTMENTS LLC,,8115 Etiwanda Ave,Reseda,91335,04/02/2025,"$630,000",company
EASY STREET CAP CA LLC,LIMON JASON,,20646 Hatton St,Winnetka,91306,02/20/2025,"$755,000",individual
144828,CREATING INVESTMENTS LLC,,7538 Remmet Ave,Canoga Park,91303,10/24/2024,"$700,000",company
144828,SUGAR PORCH RESIDENTIAL LLC,,19520 Cohasset St,Reseda,91335,01/03/2025,"$777,000",company
144828,247 HOME BUYER INC,,18324 Sylvan St,Tarzana,91335,02/07/2025,"$850,000",company
EASY STREET CAP CA LLC,OCHOA MARIA,,20528 Hamlin St,Winnetka,91306,02/03/2025,"$780,000",individual
ANCHOR LOANS LP,TLP 1 LLC,,20850 Collins St,Woodland Hills,91367,02/07/2025,"$905,000",company
144828,ROMANGEL PROPERTIES LLC,,20632 Tiara St,Woodland Hills,91367,06/06/2025,"$1,250,000",company
152575,ASPIRA PROPERTIES LLC,,5776 Hesperia Ave,Encino,91316,10/01/2024,"$1,050,000",company
144828,DIAMOND 786 LLC,,18827 Edleen Dr,Tarzana,91356,03/28/2025,"$1,499,000",company
152575,FLIPSIDE HOMES LLC,,4650 Ellenita Ave,Tarzana,91356,10/09/2024,"$1,250,000",company
ANCHOR LOANS LP,JREZ LLC,,7401 Costello Ave,Van Nuys,91405,12/06/2024,"$850,000",company
144828,GOOD MOOD STUDIO INC,,14689 Sherman Way,Van Nuys,91405,04/01/2025,"$550,000",company
144828,6935 JELLICO LLC,,6935 Jellico Ave,Van Nuys,91406,12/05/2024,"$750,000",company
144828,WESTCLIFF REALTY PARTNERS,,5800 Kester Ave,Van Nuys,91411,12/20/2024,"$800,000",individual
152575,ASPIRA PROPERTIES LLC,,14328 Emelita St,Van Nuys,91401,09/30/2024,"$1,200,000",company
EASY STREET CAP CA LLC,ABOULABOUDIAN GARABET G,,14123 Emelita St,Van Nuys,91401,10/03/2024,"$895,000",individual
EASY STREET CAP CA LLC,ASLANYAN AZNIV,,5817 Cantaloupe Ave,Van Nuys,91401,12/09/2024,"$1,050,000",individual
ANCHOR LOANS LP,FLIPUR INC,,5301 Balboa Blvd #M4,Encino,91316,01/07/2025,"$476,500",company
144828,JJEM INVESTMENTS LLC,,,,,03/24/2025,"$1,100,000",company
144828,JJEM INVESTMENTS LLC,,15577 Otsego St,Encino,91436,03/24/2025,"$1,100,000",company
EASY STREET CAP CA LLC,MELIKYAN EDUARD/ALMOYAN ARPINE,Almoyan Arpine,16717 Encino Hills Dr,Encino,91436,05/23/2025,"$1,800,000",individual
ANCHOR LOANS LP,PROJECT BOSQUE LLC,,16933 Bosque Dr,Encino,91436,12/10/2024,"$1,700,000",company
144828,TURNKEY TRANSFORMERS LLC,,8201 Greenbush Ave,Panorama City,91402,12/18/2024,"$880,000",company
152575,DESTINY PRIME PROPERTIES INC,,7724 Fulton Ave,North Hollywood,91605,02/26/2025,"$1,075,000",company
ANCHOR LOANS LP,W C INVESTMENT GROUP LLC,,13641 Erwin St,Van Nuys,91401,10/08/2024,"$1,275,000",company
144828,PSY CAPITAL GROUP LLC,,11344 Delano St,North Hollywood,91606,03/17/2025,"$820,000",company
ANCHOR LOANS LP,11223 TIARA ST LLC,,11223 Tiara St,North Hollywood,91601,04/02/2025,"$980,000",company
144828,SARISSA ENTS INC,,5723 Ensign Ave,North Hollywood,91601,04/30/2025,"$731,500",company
ANCHOR LOANS LP,6144 HAZELHURST LLC,,6142 Hazelhurst Pl,North Hollywood,91606,11/18/2024,"$1,875,000",company
ANCHOR LOANS LP,AVRIN BUILDERS LLC,,5263 Buffalo Ave,Sherman Oaks,91401,10/28/2024,"$1,350,000",company
144828,365HAUS INC,,5240 Vantage Ave #101,Valley Village,91607,02/24/2025,"$560,000",company
EASY STREET CAP CA LLC,BROWN ERIK,,4559 Morella Ave #C,Valley Village,91607,05/22/2025,"$1,642,000",individual
EASY STREET CAP CA LLC,HUMMINGBIRD HM INVS LLC,,4949 Sancola Ave,North Hollywood,91601,11/06/2024,"$1,385,000",company
ANCHOR LOANS LP,MASIS HOLDINGS LLC,,7404 Woodrow Wilson Dr,Los Angeles,90046,02/25/2025,"$1,765,000",company
144828,ABN ACQUISITIONS LLC,,3009 Vista Crest Dr,Los Angeles,90068,09/13/2024,"$662,000",company
ANCHOR LOANS LP,FVR GROUP TWENTYFOUR LLC,,3211 W Jeffries Ave,Burbank,91505,12/05/2024,"$940,000",company
144828,GOOD MOOD STUDIO INC,,525 E Verdugo Ave #E,Burbank,91501,05/08/2025,"$605,000",company
144828,HH & TJY INVESTMENT CO,,2030 N Brighton St #A,Burbank,91504,02/10/2025,"$975,000",company
EASY STREET CAP CA LLC,GBA DRYWALL INC,,13342 Hubbard St,Sylmar,91342,11/21/2024,"$530,000",company
144828,JEK EQUITY & INVESTMENTS LLC,,815 N Hagar St,San Fernando,91340,11/05/2024,"$620,000",company
144828,GLOBAL PREMIER PROPERTIES INC,,13463 Brownell St,San Fernando,91340,11/06/2024,"$550,000",company
144828,MAISON DE REVE DEV LLC,,12934 Fenton Ave,Sylmar,91342,03/21/2025,"$700,000",company
144828,HOME ALLIES LLC,,11508 Fenton Ave,Sylmar,91342,08/28/2024,"$570,000",company
144828,AFFORDABLE PRO HMS & INVS LLC,,11845 Gladstone Ave,Sylmar,91342,11/06/2024,"$638,000",company
144828,LEGACY GROUP INVESTMENTS LLC,,12548 Terra Bella St,Pacoima,91331,01/17/2025,"$527,000",company
EASY STREET CAP CA LLC,FOUR SEASONS PROP INV LLC,,12413 Nedra Dr,Granada Hills,91344,04/02/2025,"$960,000",company
144828,URBAN STREET VENTURES INC,,13723 Pinney St,Pacoima,91331,01/23/2025,"$550,000",company
144828,H & F HOME PARTNERS LLC,,9310 Tamarack Ave,Sun Valley,91352,04/09/2025,"$580,000",company
144828,REALTY VAULT CORP,,14007 Parthenia St,Panorama City,91402,11/05/2024,"$475,000",company
144828,LA PREMIER HOMES LLC,,14704 Germain St,Mission Hills,91345,12/03/2024,"$683,000",company
152575,FLIPSIDE HOMES LLC,,15701 Ludlow St,Granada Hills,91344,11/14/2024,"$730,000",company
144828,8938 MONOGRAM LLC,,8938 Monogram Ave,North Hills,91343,12/31/2024,"$825,000",company
144828,JROCS HOLDINGS LLC,,8840 Valjean Ave,North Hills,91343,12/03/2024,"$850,000",company
144828,EAST WEST REALTY INVESTMENT LL,,20112 Via Cellini,Los Angeles,91311,04/07/2025,"$2,320,000",company
152575,AV REAL ESTATE DEV LLC,,20516 Germain St,Chatsworth,91311,05/01/2025,"$1,300,000",company
144828,NEXT LEVEL R/E INVS LLC,,10852 Belmar Ave,Los Angeles,91311,10/11/2024,"$1,425,000",company
144828,SUGAR PORCH RESIDENTIAL LLC,,10012 Glade Ave,Chatsworth,91311,03/26/2025,"$825,000",company
144828,GOOD MOOD STUDIO INC,,17729 Superior St #47,Northridge,91325,09/20/2024,"$570,000",company
144828,REAL DEAL DEV LLC,,19377 Halsted St,Northridge,91324,09/12/2024,"$1,225,000",company
EASY STREET CAP CA LLC,ARUTYOUNIAN RONALD,,18651 Bryant St,Northridge,91324,08/26/2024,"$562,000",individual
144828,AGREDANO GROUP LLC,,28210 Canterbury Ct,Valencia,91354,04/17/2025,"$430,000",company
152575,POLARIS GROUP LLC,,29671 Grandifloras Rd,Canyon Country,91387,10/24/2024,"$560,000",company
ANCHOR LOANS LP,MARRO VENTURES LLC,,37537 Sabal Ct,Palmdale,93552,05/28/2025,"$290,000",company
EASY STREET CAP CA LLC,QUALITY RE SOLUTIONS LLC,,36848 Apache Plume Dr,Palmdale,93550,04/30/2025,"$285,000",company
ANCHOR LOANS LP,CASAS BONITAS LP,,40107 173rd St E,Palmdale,93591,08/23/2024,"$307,500",company
ANCHOR LOANS LP,CASAS BONITAS LP,,41331 20th St W,Palmdale,93551,08/12/2024,"$420,000",company
144828,MPOWERMENT WORLDWIDE LLC,,45068 Kingtree Ave,Lancaster,93534,10/28/2024,"$400,000",company
ANCHOR LOANS LP,CUELLAR GROUP INC/KYL INC,Kyl Inc,44118 Ruthron Ave,Lancaster,93536,05/27/2025,"$450,000",company
ANCHOR LOANS LP,CASAS BONITAS LP,,42570 72nd St W,Lancaster,93536,08/20/2024,"$430,000",company
144828,EM INVESTMENT GROUP LLC,,31202 Delwood St,Castaic,91384,05/22/2025,"$350,000",company
144828,MONTANO SOLUTIONS INC,,6010 S Verdun Ave,Los Angeles,90043,11/22/2024,"$900,000",company
ANCHOR LOANS LP,CAMKAY INVESTMENTS INC,,3741 W 58th Pl,Los Angeles,90043,05/21/2025,"$775,000",company
ANCHOR LOANS LP,GOLDEN POWER INVESTMENT LLC,,3521 W 60th St,Los Angeles,90043,07/23/2024,"$610,000",company
144828,TGM VENTURE PARTNERS LP,,3700 W 61st St,Los Angeles,90043,12/02/2024,"$878,000",company
144828,COASTAL OAK CAPITAL INC,,5822 Madden Ave,Los Angeles,90043,08/09/2024,"$590,000",company
ANCHOR LOANS LP,FVR GROUP ELEVEN LLC,,5832 6th Ave,Los Angeles,90043,11/20/2024,"$795,000",company
144828,HDS HAHSMORE LLC,,6046 Madden Ave,Los Angeles,90043,12/23/2024,"$491,000",company
144828,IDCS DESIGN & CONSTRUCTION LLC,,6727 7th Ave,Los Angeles,90043,07/29/2024,"$625,000",company
144828,MACE INVESTMENTS LLC,,6751 7th Ave,Los Angeles,90043,11/20/2024,"$415,000",company
144828,HDS HAHSMORE LLC,,2323 W 74th St,Los Angeles,90043,02/14/2025,"$600,000",company
144828,FISHER2 LLC,,2400 W 74th St,Los Angeles,90043,01/31/2025,"$950,000",company
144828,RECHAR ENTS LLC,,2603 W 75th St,Los Angeles,90043,10/16/2024,"$515,000",company
ANCHOR LOANS LP,PS ENT LLC,,2228 W 78th St,Inglewood,90305,07/15/2024,"$770,000",company
EASY STREET CAP CA LLC,SANGES CRISTINA,,2706 W 78th St,Inglewood,90305,02/14/2025,"$718,000",individual
ANCHOR LOANS LP,MONBRI LLC,,1005 E Brett St,Inglewood,90302,05/19/2025,"$620,000",company
152575,4 J SOUTH BAY LLC,,933 E 68th St #1,Inglewood,90302,05/06/2025,"$865,000",company
144828,OIKOS REAL ESTATE LLC,,4221 W 59th Pl,Los Angeles,90043,10/10/2024,"$839,500",company
144828,140 HILLCREST LLC,,140 N Hillcrest Blvd,Inglewood,90301,04/08/2025,"$870,000",company
144828,PREMIER ASSET HOLDINGS LLC,,8611 S 11th Ave,Inglewood,90305,04/30/2025,"$700,000",company
144828,FLIP N SISTERS LLC,,9710 S 8th Ave,Inglewood,90305,12/03/2024,"$730,000",company
144828,11018 CHANERA LLC,,11018 Chanera Ave,Inglewood,90303,02/27/2025,"$660,000",company
152575,4J SOUTH BAY LLC,,10211 England Ave,Inglewood,90303,05/06/2025,"$1,037,500",company
152575,4 J SOUTH BAY LLC,,10215 England Ave,Inglewood,90303,05/06/2025,"$1,037,500",company
EASY STREET CAP CA LLC,GOLDEN PACIFIC OCEAN LLC,,12222 Oxford Ave,Hawthorne,90250,04/04/2025,"$705,000",company
144828,REELAND INVESTMENTS,,3834 W 116th St,Hawthorne,90250,06/03/2025,"$570,000",individual
ANCHOR LOANS LP,HH & TJY INVESTMENT CO,,3510 Slayton St,Hawthorne,90250,11/22/2024,"$721,000",company
ANCHOR LOANS LP,NEW BEGINNINGS VENTURES LLC,,3332 W 134th St,Hawthorne,90250,12/27/2024,"$608,000",company
144828,PREMIER ASSET HOLDINGS LLC,,13103 Purche Ave,Gardena,90249,01/28/2025,"$720,000",company
144828,BIT PROPERTIES INC,,15325 Gramercy Pl,Gardena,90249,03/12/2025,"$560,000",company
ANCHOR LOANS LP,1325 PARADE ST LLC,,4522 W 167th St,Lawndale,90260,04/01/2025,"$750,000",company
EASY STREET CAP CA LLC,ADJA INVESTMENT LLC,,3813 W 173rd St,Torrance,90504,11/20/2024,"$931,000",company
ANCHOR LOANS LP,WESTERN PRO BUILDERS,,18833 Doty Ave,Torrance,90504,02/28/2025,"$750,000",individual
ANCHOR LOANS LP,FVR GROUP TWENTYFIVE LC,,18503 Falda Ave,Torrance,90504,12/06/2024,"$915,000",company
ANCHOR LOANS LP,FVR GROUP TWENTYTHREE LLC,,6027 W 76th St,Los Angeles,90045,01/08/2025,"$1,675,000",company
EASY STREET CAP CA LLC,KEYSTONE CAPITAL PARTNERS LLC,,7609 Alverstone Ave,Los Angeles,90045,12/26/2024,"$1,500,000",company
ANCHOR LOANS LP,FVR GROUP TWENTYSEVEN LLC,,8177 Billowvista Dr,Playa Del Rey,90293,12/17/2024,"$1,600,000",company
144828,TLP 1 LLC,,219 W Acacia Ave,El Segundo,90245,09/06/2024,"$1,500,000",company
144828,FENSTER LIVING TRUST,,10 Village Cir,Manhattan Beach,90266,04/04/2025,"$2,010,000",ignored
144828,OCEAN BLUE LIVING INC,,5004 W 138th St,Hawthorne,90250,04/01/2025,"$700,000",company
144828,15218 WILDER LLC,,4878 W 140th St,Hawthorne,90250,01/03/2025,"$750,000",company
144828,BICH VENTURES,,2411 Thomas Ave,Redondo Beach,90278,01/02/2025,"$1,270,000",individual
144828,E-SQUARED INVESTMENTS LLC,,1513 Carver St,Redondo Beach,90278,03/28/2025,"$1,275,000",company
144828,REELAND INVESTMENTS,,1650 18th St,Manhattan Beach,90266,03/11/2025,"$1,650,000",individual
144828,REELAND INVESTMENTS,,2001 N Poinsettia Ave,Manhattan Beach,90266,03/25/2025,"$2,500,000",individual
144828,REELAND INVESTMENTS,,583 29th St,Manhattan Beach,90266,07/10/2024,"$2,450,000",individual
ANCHOR LOANS LP,TLP 1 LLC,,5432 Marjan Ave,Los Angeles,90056,04/01/2025,"$1,485,000",company
144828,TLP 1 LLC,,5511 S Corning Ave,Los Angeles,90056,05/07/2025,"$1,420,000",company
ANCHOR LOANS LP,KNOWLTON 100 LLC,,3314 Mcmanus Ave,Culver City,90232,03/21/2025,"$1,232,000",company
ANCHOR LOANS LP,BENTLEY 100 LLC,,3955 Bentley Ave,Culver City,90232,10/17/2024,"$1,225,000",company
EASY STREET CAP CA LLC,OSAKO FAMILY LIVING TRUST,,11245 Greenlawn Ave,Culver City,90230,10/29/2024,"$1,632,000",ignored
144828,VIRGO H INV LLC,,12324 Marshall St,Culver City,90230,01/30/2025,"$1,035,000",company
ANCHOR LOANS LP,MOORE ST DEV LLC,,2026 Louella Ave,Venice,90291,01/13/2025,"$1,700,000",company
ANCHOR LOANS LP,3474 GREENWOOD AVE LLC,,3474 Greenwood Ave,Los Angeles,90066,12/23/2024,"$1,400,000",company
144828,DREAM BIGGER ACQUISITIONS 2 LL,,1209 Preston Way,Venice,90291,05/15/2025,"$2,900,000",company
144828,E-SQUARED INVESTMENTS LLC,,3481 St Susan Pl,Los Angeles,90066,03/20/2025,"$1,810,000",company
ANCHOR LOANS LP,FVR GROUP TWENTYONE LLC,,3445 Tilden Ave,Los Angeles,90034,11/22/2024,"$1,380,000",company
ANCHOR LOANS LP,10840 QUEENSLAND LLC,,10840 Queensland St,Los Angeles,90034,02/20/2025,"$1,462,500",company
ANCHOR LOANS LP,FVR GROUP SIX LLC,,2843 Stoner Ave,Los Angeles,90064,01/03/2025,"$1,202,500",company
144828,E-SQUARED INVESTMENTS LLC,,2453 Oak St,Santa Monica,90405,02/19/2025,"$1,825,000",company
ANCHOR LOANS LP,439 21ST ST LLC,,439 21st St,Santa Monica,90402,05/15/2025,"$5,450,000",company
152575,KRAMER ROBERT,,731 Ashland Ave,Santa Monica,90405,12/05/2024,"$2,050,000",individual
144828,GOOD MOOD STUDIO INC,,4822 Hollow Corner Rd #173,Culver City,90230,04/02/2025,"$535,000",company
ANCHOR LOANS LP,2671 ANCHOR AVE LLC,,2671 Anchor Ave,Los Angeles,90064,08/20/2024,"$2,500,000",company
152575,KRAMERWOOD PROPERTIES LLC,,8955 Kramerwood Pl,Los Angeles,90034,10/23/2024,"$2,000,000",company
152575,KRAMERWOOD PROPERTIES LLC,,8951 Kramerwood Pl,Los Angeles,90034,10/23/2024,"$2,150,000",company
152575,KRAMERWOOD PROPERTIES LLC,,8939 Kramerwood Pl,Los Angeles,90034,10/23/2024,"$1,900,000",company
144828,BRIARWOOD DEVELOPMENTS LLC,,2357 Midvale Ave,Los Angeles,90064,11/12/2024,"$1,675,000",company
EASY STREET CAP CA LLC,JMP INVESTMENTS INC,,234 S Gale Dr #209,Beverly Hills,90211,11/12/2024,"$1,010,000",company
144828,9044 ELEVADO STREET LLC,,9044 Elevado St,West Hollywood,90069,03/11/2025,"$1,900,000",company
144828,RN PROPERTY PARTNERS LLC,,9005 Cynthia St #215,West Hollywood,90069,04/18/2025,"$456,000",company
144828,KEYSTONE CAPITAL PARTNERS LLC,,256 S Bentley Ave,Los Angeles,90049,03/25/2025,"$2,500,000",company
ANCHOR LOANS LP,780 LINDA FLORA LLC,,780 Linda Flora Dr,Los Angeles,90049,01/16/2025,"$6,000,000",company
ANCHOR LOANS LP,HUTTON BLISS LLC/3298 HUTTON BH LLC,3298 Hutton Bh LLC,3298 Hutton Dr,Beverly Hills,90210,05/15/2025,"$4,500,000",company
ANCHOR LOANS LP,FVR GROUP FIFTEEN LLC,,2221 Benedict Canyon Dr,Beverly Hills,90210,12/10/2024,"$2,525,000",company
152575,BELWOOD INVESTMENTS LLC,,2071 N Beverly Dr,Beverly Hills,90210,07/09/2024,"$3,650,000",company
152575,1970 COLDWATER CANYON DR LLC,,1970 Coldwater Canyon Dr,Beverly Hills,90210,04/14/2025,"$3,300,000",company
152575,BOWMONT BEVERLY HILLS LLC,,2203 Bowmont Dr,Beverly Hills,90210,11/27/2024,"$2,830,000",company
EASY STREET CAP CA LLC,COASTAL CAPITAL HOMES LLC,,16863 W Sunset Blvd,Pacific Palisades,90272,08/05/2024,"$1,939,000",company
ANCHOR LOANS LP,RONALDO YG11 LLC,,744 Iliff St,Pacific Palisades,90272,08/13/2024,"$2,175,000",company
144828,ORME AVE LLC,,20567 Cheney Dr,Topanga,90290,08/22/2024,"$975,500",company
144828,ORME AVE LLC,,19777 Grand View Dr,Topanga,90290,10/29/2024,"$650,000",company
152575,BELWOOD INVESTMENTS LLC,,24844 Malibu Rd,Malibu,90265,09/26/2024,"$21,000,000",company
ANCHOR LOANS LP,29329 BLUEWATER RD LLC,,29329 Bluewater Rd,Malibu,90265,06/26/2024,"$4,500,000",company
144828,TGM VENTURE PARTNERS LP,,1530 W 51st Pl,Los Angeles,90062,11/22/2024,"$530,000",company
144828,OIKOS REAL ESTATE LLC,,1726 W 52nd St,Los Angeles,90062,08/23/2024,"$645,000",company
ANCHOR LOANS LP,ASIC INVESTMENTS INC,,5226 S Wilton Pl,Los Angeles,90062,11/06/2024,"$720,000",company
144828,URBAN STREET VENTURES INC,,5735 S St Andrews Pl,Los Angeles,90062,02/07/2025,"$430,000",company
ANCHOR LOANS LP,INNOVATIVE ALLIANCE GROUP INC,,5725 6th Ave,Los Angeles,90043,04/24/2025,"$610,000",company
144828,PC REAL ESTATE INVESTMENTS LLC,,5515 Harcross Dr,Los Angeles,90043,11/15/2024,"$965,000",company
144828,2 INFINITY GROUP LLC,,5452 Harcross Dr,Los Angeles,90043,05/14/2025,"$920,000",company
144828,MANSION FLIP INC,,5057 Inaglen Way,Los Angeles,90043,04/03/2025,"$985,000",company
144828,NEIGHBORHOOD IIOME OFFER LLC,,3649 Mount Vernon Dr,View Park,90008,10/24/2024,"$1,150,000",company
ANCHOR LOANS LP,FVR GROUP THIRTY LLC,,3704 Lorado Way,View Park,90043,02/13/2025,"$1,235,000",company
144828,LOUD LTD,,3454 W 48th St,View Park,90043,10/01/2024,"$1,286,000",company
144828,LOUD LTD,,3454 W 48th St #1,View Park,90043,10/01/2024,"$1,286,000",company
144828,DAILYHOME INC LLC,,4508 7th Ave,Los Angeles,90043,04/08/2025,"$690,000",company
ANCHOR LOANS LP,LA PREMIER INVESTMENT INC,,5171 S Wilton Pl,Los Angeles,90062,08/09/2024,"$640,000",company
EASY STREET CAP CA LLC,HOME INVS LOS ANGELES LLC,,5035 Denker Ave,Los Angeles,90062,04/23/2025,"$565,000",company
ANCHOR LOANS LP,FAB INVESTMENTS LLC,,917 W 50th Pl,Los Angeles,90037,04/21/2025,"$605,000",company
144828,GO LOS ANGELES PTSHP LLC,,526 W 49th St,Los Angeles,90037,07/31/2024,"$720,000",company
EASY STREET CAP CA LLC,9705 LLC,,3104 W 43rd Pl,Los Angeles,90008,01/31/2025,"$900,000",company
144828,RHERRERA & THE KIDS LLC,,4320 9th Ave,Los Angeles,90008,05/23/2025,"$800,000",company
144828,MI CASITA INVESTMENTS LLC,,4231 3rd Ave,Los Angeles,90008,05/19/2025,"$775,000",company
ANCHOR LOANS LP,KPH PARTNERS LLC,,3820 S Burnside Ave,Los Angeles,90008,10/25/2024,"$1,025,000",company
144828,2 INFINITY GROUP LLC,,3991 Hubert Ave,Los Angeles,90008,06/27/2024,"$1,159,000",company
144828,RONUS INC,,3876 Olmsted Ave,Los Angeles,90008,10/22/2024,"$845,000",company
ANCHOR LOANS LP,RUFUSS II INC,,3890 S Harvard Blvd,Los Angeles,90062,09/23/2024,"$650,000",company
EASY STREET CAP CA LLC,GOMEZ JASMIN N,,5462 Homeside Ave,Los Angeles,90016,02/05/2025,"$3,477,273",individual
144828,SHH HOLDINGS LTD,,3515 S Norton Ave,Los Angeles,90018,04/15/2025,"$630,500",company
EASY STREET CAP CA LLC,CALIFORNIA PROP PTRS LLC,,3827 S Victoria Ave,View Park,90008,11/08/2024,"$990,000",company
144828,MOVEMENT INVESTMENTS LLC,,3738 S Muirfield Rd,Los Angeles,90016,10/31/2024,"$1,110,000",company
144828,PINNACLE PROPERTY VENTURES LLC,,5735 Bowesfield St,Los Angeles,90016,03/14/2025,"$1,043,000",company
144828,ELYSIAN INNOVATIONS LLC,,2933 Thurman Ave,Los Angeles,90016,09/04/2024,"$895,000",company
EASY STREET CAP CA LLC,SFC CALI HOMES LLC,,4380 W 28th St,Los Angeles,90018,06/27/2024,"$780,000",company
144828,MONT CLAIR VISTA LLC,,3833 Montclair St,Los Angeles,90018,02/06/2025,"$745,000",company
144828,CASA COMMON LLC,,3905 Montclair St,Los Angeles,90018,08/14/2024,"$800,000",company
144828,MANSION FLIP INC,,2909 8th Ave,Los Angeles,90018,04/30/2025,"$890,000",company
144828,ANNA HOMES LLC,,2928 11th Ave,Los Angeles,90018,05/01/2025,"$1,011,000",company
ANCHOR LOANS LP,3 BROS REAL ESTATE LLC,,3011 5th Ave,Los Angeles,90018,01/30/2025,"$755,000",company
144828,BAGUIO PINES LLC,,2273 W 29th St,Los Angeles,90018,12/09/2024,"$789,000",company
144828,VALOR INDUSTRIES INC,,2326 W 24th St,Los Angeles,90018,05/06/2025,"$1,135,000",company
EASY STREET CAP CA LLC,PALOMINO ALEJANDRO/GARCIA FREDD G,Garcia Fredd G,2106 5th Ave,Los Angeles,90018,05/08/2025,"$849,000",individual
ANCHOR LOANS LP,KELSO LLC,,2123 S Harcourt Ave,Los Angeles,90016,01/13/2025,"$750,000",company
144828,FIRST COME UP LLC,,2014 S Burnside Ave,Los Angeles,90016,10/31/2024,"$800,000",company
ANCHOR LOANS LP,5933 COMEY LLC,,5933 Comey Ave,Los Angeles,90034,09/18/2024,"$950,000",company
ANCHOR LOANS LP,COHEN & KASHANI LLC,,4616 St Elmo Dr,Los Angeles,90019,04/24/2025,"$1,226,000",company
ANCHOR LOANS LP,HAVERSTOCK RD LLC,,1651 S Wilton Pl,Los Angeles,90019,09/12/2024,"$679,000",company
144828,GOLDEN ERA 2025 LLC,,1800 S Oxford Ave,Los Angeles,90006,04/14/2025,"$775,000",company
ANCHOR LOANS LP,ATLANTIC PACIFIC REDEV LLC,,1940 S La Salle Ave,Los Angeles,90018,08/08/2024,"$1,080,000",company
144828,GOOD MOOD STUDIO INC,,957 S Gramercy Dr #105,Los Angeles,90019,01/29/2025,"$400,000",company
144828,AVRO PROPERTIES LLC,,4431 Victoria Park Pl,Los Angeles,90019,09/04/2024,"$1,200,000",company
ANCHOR LOANS LP,CHIMAY ENTS LLC,,1189 Crenshaw Blvd,Los Angeles,90019,02/28/2025,"$1,200,000",company
ANCHOR LOANS LP,900 S LONGWOOD LLC,,900 S Longwood Ave,Los Angeles,90019,05/08/2025,"$2,120,000",company
144828,LM DADAM LLC,,687 Lorraine Blvd,Los Angeles,90005,05/20/2025,"$1,835,000",company
ANCHOR LOANS LP,898 S CRENSHAW LLC,,898 Crenshaw Blvd,Los Angeles,90005,04/15/2025,"$1,350,000",company
144828,D & D CALIFORNIA INV GRP INC,,1162 E 46th St,Los Angeles,90011,03/27/2025,"$450,000",company
EASY STREET CAP CA LLC,HOME INVS LOS ANGELES LLC,,854 E 50th St,Los Angeles,90011,09/23/2024,"$660,000",company
144828,ARIZONA AVE LLC,,4457 Mettler St #4457,Los Angeles,90011,02/25/2025,"$533,000",company
144828,AUDUBON PROPERTIES LLC,,444 E 31st St #450,Los Angeles,90011,03/11/2025,"$440,000",company
ANCHOR LOANS LP,1609 OAK LLC,,1609 Oak St,Los Angeles,90015,01/31/2025,"$800,000",company
ANCHOR LOANS LP,CHIMAY ENTS LLC,,2576 W 5th St,Los Angeles,90057,02/26/2025,"$700,000",company
ANCHOR LOANS LP,GI PROPERTY 87 LLC,,200 N Dillon St,Los Angeles,90026,08/21/2024,"$900,000",company
ANCHOR LOANS LP,217 N PARK VIEW LLC,,217 N Park View St,Los Angeles,90026,09/30/2024,"$1,150,000",company
ANCHOR LOANS LP,CHIMAY ENTS LLC,,230 N Alvarado St,Los Angeles,90026,03/07/2025,"$715,000",company
ANCHOR LOANS LP,305 AUTO ADVERTISING INC,,435 S State St,Los Angeles,90033,07/12/2024,"$450,000",company
144828,2650 POMEROY LLC,,2650 Pomeroy Ave,Los Angeles,90033,02/12/2025,"$602,000",company
ANCHOR LOANS LP,CHIMAY ENTS LLC,,2530 Ganahl St,Los Angeles,90033,09/19/2024,"$850,000",company
144828,3442 HOLDINGS LLC,,3442 E 3rd St,Los Angeles,90063,04/04/2025,"$510,000",company
144828,B & J CAP GRP INVS,,932 S Mott St,Los Angeles,90023,04/15/2025,"$415,000",individual
152575,EASTERLING SCHILLING FAM TRUST,,2719 Alta St,Los Angeles,90031,07/26/2024,"$700,000",ignored
144828,1857 WORKMAN LLC,,1857 Workman St,Los Angeles,90031,10/23/2024,"$617,500",company
144828,VIRGO H INV LLC,,4365 O Neill St,Los Angeles,90032,02/18/2025,"$395,000",company
144828,VALENZUELA-GONZALE MARIA L,,3420 Lifur Ave,Los Angeles,90032,09/13/2024,"$520,000",individual
EASY STREET CAP CA LLC,TILAYE DAGMAWI S,,5305 Borland Rd,Los Angeles,90032,11/26/2024,"$710,000",individual
144828,AHAVA PROPERTIES LLC,,1871 Heidleman Rd,Los Angeles,90032,04/15/2025,"$625,000",company
ANCHOR LOANS LP,CHIMAY ENTS LLC,,3853 E Cesar E Chavez Ave,Los Angeles,90063,02/13/2025,"$525,000",company
144828,AXOS PROPERTIES INC,,4160 Hubbard St,Los Angeles,90023,09/16/2024,"$400,000",company
144828,ARIZONA AVE LLC,,728 S Arizona Ave,Los Angeles,90022,08/05/2024,"$660,000",company
152575,MEZA PROPERTY PROJECT LLC,,1276 S Townsend Ave,Los Angeles,90023,02/26/2025,"$480,000",company
EASY STREET CAP CA LLC,UNIVERSAL PROPS & INVS LLC,,2367 Couts Ave,Commerce,90040,07/31/2024,"$525,000",company
EASY STREET CAP CA LLC,TIEU STEVE/TIEU ESTHER,Tieu Esther,648 W Hammel St,Monterey Park,91754,06/02/2025,"$700,000",individual
144828,VIRGO H INV LLC,,2024 S Grandridge Ave,Monterey Park,91754,03/26/2025,"$660,000",company
EASY STREET CAP CA LLC,GODWIN INVESTMENT LLC,,301 E Riggin St,Monterey Park,91755,04/30/2025,"$715,000",company
144828,ROXAS MARIA V/ROXAS JEFFREY,Roxas Jeffrey,1605 Lakegrove Ave,Montebello,90640,11/13/2024,"$875,000",individual
144828,UWP INVESTMENTS LLC,,1725 Neil Armstrong St #106,Montebello,90640,02/03/2025,"$375,000",company
144828,REAL ESTATE RECOVERY INC,,611 Taylor Dr,Monterey Park,91755,03/13/2025,"$805,000",company
EASY STREET CAP CA LLC,BBROWN INC,,8252 Graves Ave,Rosemead,91770,01/31/2025,"$450,000",company
EASY STREET CAP CA LLC,CERVANTES CARLA/GUTIERREZ CARLOS C,Gutierrez Carlos C,611 N 19th St,Montebello,90640,07/08/2024,"$1,000,000",individual
EASY STREET CAP CA LLC,FELIZ RUDY,,401 Kendall Ave,Los Angeles,90042,06/26/2024,"$850,000",individual
144828,EVERRISE PROP STRATEGIES LLC,,4040 Via Marisol #121,Los Angeles,90042,09/19/2024,"$380,000",company
144828,TESORO JOY LLC,,3735 Latrobe St,Los Angeles,90031,09/06/2024,"$625,000",company
ANCHOR LOANS LP,SUNSET REALTY 57 INC,,4407 Turquoise St,Los Angeles,90032,04/18/2025,"$760,000",company
ANCHOR LOANS LP,BAMS HOLDINGS INC,,,,,03/03/2025,"$1,200,000",company
ANCHOR LOANS LP,BAMS HOLDINGS INC,,,,,03/03/2025,"$1,200,000",company
144828,DAVIS LUZ,,4454 Lowell Ave,Los Angeles,90032,09/11/2024,"$665,000",individual
ANCHOR LOANS LP,BARELY WHITE CO LLC,,401 El Centro St,South Pasadena,91030,10/16/2024,"$1,550,000",company
EASY STREET CAP CA LLC,TSAI CHENG Y/HSU IISIN-YIH P,Hsu Iisin-Yih P,1456 Bedford Rd,San Marino,91108,08/16/2024,"$3,400,000",individual
144828,TGM VENTURE PARTNERS LP,,802 S Olive Ave,Alhambra,91803,09/27/2024,"$540,000",company
144828,HOME INNOVATIONS & MGMT LLC,,1906 S Meridian Ave,Alhambra,91803,06/21/2024,"$979,000",company
144828,SHH HOLDINGS LTD,,2218 S Meridian Ave,Alhambra,91803,01/03/2025,"$69,500,000",company
ANCHOR LOANS LP,ASIC INVESTMENTS INC,,2209 W Glendon Way,Alhambra,91803,11/08/2024,"$600,000",company
144828,DUOWEI ENTS,,6624 Karin Pl,San Gabriel,91775,02/03/2025,"$725,000",individual
144828,FIFTY-THREE CASE LLC,,660 Silver Lake Blvd,Los Angeles,90026,09/04/2024,"$925,000",company
ANCHOR LOANS LP,2140 RESERVOIR LLC,,2140 Reservoir St,Los Angeles,90026,10/03/2024,"$1,300,000",company
144828,ST DESIGN & DEV LLC,,1201 Douglas St,Los Angeles,90026,04/10/2025,"$799,000",company
ANCHOR LOANS LP,FAT INVESTMENTS LLC,,1432 Kellam Ave,Los Angeles,90026,08/12/2024,"$1,850,000",company
144828,SANTA MESA LEGACY CREATIONS LL,,918 W College St #102,Los Angeles,90012,09/17/2024,"$425,000",company
ANCHOR LOANS LP,CHIMAY ENTS LLC,,2408 Berkeley Ave,Los Angeles,90026,12/05/2024,"$1,300,000",company
144828,BH WATERLOO LLC,,1401 Waterloo St,Los Angeles,90026,01/15/2025,"$1,326,000",company
144828,ANEROL LLC,,944 Robinson St,Los Angeles,90026,03/24/2025,"$810,000",company
ANCHOR LOANS LP,ESAAM LTD CORP,,3818 Tracy St,Los Angeles,90027,10/11/2024,"$1,710,000",company
144828,S & S PROPZ LLC,,2355 Gatewood St,Los Angeles,90031,04/25/2025,"$860,000",company
144828,ESAAM LTD CORP,,2244 Fernleaf St #2246,Los Angeles,90031,01/08/2025,"$750,000",company
ANCHOR LOANS LP,CHIMAY ENTS LLC,,2801 Jeffries Ave,Los Angeles,90065,11/19/2024,"$890,000",company
ANCHOR LOANS LP,CHIMAY ENTS LLC,,3536 Arroyo Seco Ave,Los Angeles,90065,02/20/2025,"$724,000",company
144828,2913 ELM STREET LLC,,2913 Elm St,Los Angeles,90065,05/14/2025,"$1,000,000",company
ANCHOR LOANS LP,CHIMAY ENTS LLC,,2426 W Avenue 33,Los Angeles,90065,03/24/2025,"$1,007,000",company
144828,1435 HOME LLC,,2426 W Avenue 30,Los Angeles,90065,02/27/2025,"$1,050,000",company
144828,KIWISOL CORPORATION,,3200 Weldon Ave,Los Angeles,90065,05/28/2025,"$503,500",company
EASY STREET CAP CA LLC,BALAYAN GEORGE/TER-PETROSYAN MARIAM,Ter-Petrosyan Mariam,1621 Marion Dr,Glendale,91205,07/11/2024,"$1,270,000",individual
144828,10 MIL INVESTMENTS INC,,2834 Delevan Dr,Los Angeles,90065,04/16/2025,"$500,000",company
144828,ALL CASH BABY LLC,,4925 Buchanan St,Los Angeles,90042,11/21/2024,"$1,075,000",company
144828,SOCIETE DE DEVELOPPEMENT IMMOB,,5252 Range View Ave,Los Angeles,90042,08/15/2024,"$1,000,000",individual
144828,DEPICTEUR INC,,5924 Annan Way,Los Angeles,90042,11/22/2024,"$900,000",company
144828,TEAM REYES REALTY GROUP LLC,,6123 Tipton Way,Los Angeles,90042,01/23/2025,"$860,000",company
EASY STREET CAP CA LLC,ORCARY INC,,1650 La Loma Rd,Pasadena,91105,07/16/2024,"$1,130,000",company
144828,2 INFINITY GROUP LLC,,6150 Strickland Ave,Los Angeles,90042,05/22/2025,"$906,000",company
ANCHOR LOANS LP,CHIMAY ENTS LLC,,6030 La Prada St,Los Angeles,90042,04/03/2025,"$1,200,000",company
ANCHOR LOANS LP,CHIMAY ENTS LLC,,6026 La Prada St,Los Angeles,90042,04/03/2025,"$1,200,000",company
ANCHOR LOANS LP,VALENCIA INVESTMENTS LLC,,6318 Planada Ave,Los Angeles,90042,05/20/2025,"$1,135,000",company
144828,BRIARWOOD DEVELOPMENTS LLC,,323 S Orange Dr,Los Angeles,90036,08/13/2024,"$1,675,000",company
ANCHOR LOANS LP,MURRMAN LLC,,6370 Drexel Ave,Los Angeles,90048,09/26/2024,"$2,050,000",company
144828,GOOD MOOD STUDIO INC,,104 S Hayworth Ave #204,Los Angeles,90048,04/03/2025,"$575,000",company
144828,WILLBEE INVESTMENT LLC,,177 S Gardner St,Los Angeles,90036,02/19/2025,"$1,550,000",company
144828,SLA SEVEN PROPERTIES LLC,,118 S Kingsley Dr,Los Angeles,90004,02/18/2025,"$900,000",company
144828,SOCAL INVS & HLDGS LLC,,515 N Crescent Heights Blvd,Los Angeles,90048,06/21/2024,"$2,011,000",company
ANCHOR LOANS LP,ADEA LLC,,803 N Alfred St,Los Angeles,90069,12/23/2024,"$2,050,000",company
ANCHOR LOANS LP,EWA CAPITAL LLC,,812 N Ridgewood Pl,Los Angeles,90038,05/16/2025,"$1,200,000",company
EASY STREET CAP CA LLC,PREMIER REALTY & ESTATES INC/DOMINIC DESIGN LLC,Dominic Design LLC,1745 Camino Palmero St #107,Los Angeles,90046,07/23/2024,"$410,000",company
144828,EVEREST ASSETS LLC,,7560 Hollywood Blvd #106,Los Angeles,90046,12/20/2024,"$687,500",company
144828,FOUNTAIN MARTEL INVS LLC,,1308 N Martel Ave,Los Angeles,90046,04/03/2025,"$3,300,000",company
144828,FOUNTAIN MARTEL INVS LLC,,7317 Fountain Ave,Los Angeles,90046,04/03/2025,"$3,300,000",company
EASY STREET CAP CA LLC,KHACHIKYAN ARMEN,,8455 Fountain Ave #308,West Hollywood,90069,06/02/2025,"$903,000",individual
152575,CAHUENGA PARK TRAIL LLC,,8633 Hollywood Blvd,Los Angeles,90069,10/07/2024,"$2,800,000",company
ANCHOR LOANS LP,BLT PROPERTIES SGV LLC,,2701 Jalmia Dr,Los Angeles,90046,08/28/2024,"$1,670,000",company
144828,EQUITY TRACK INC,,7426 Mulholland Dr,Los Angeles,90046,04/28/2025,"$1,050,000",company
ANCHOR LOANS LP,DREAM 777 CAPITAL LLC,,1820 N Vista St,Los Angeles,90046,01/31/2025,"$5,150,000",company
ANCHOR LOANS LP,DREAM 777 CAPITAL LLC,,,,,01/31/2025,"$5,150,000",company
144828,REMAKE PROPERTIES LLC,,4579 Ambrose Ave #8,Los Angeles,90027,04/16/2025,"$660,000",company
144828,NELA VALUE FUND 1 INC,,3830 Los Amigos St,La Crescenta,91214,08/20/2024,"$900,000",company
144828,VINTAGE FLIP LLC,,3935 Altura Ave,La Crescenta,91214,05/08/2025,"$1,147,000",company
152575,FIRST CLASS DEVELOPMENTS LLC,,419 W Riverside Dr,Burbank,91506,03/18/2025,"$1,220,000",company
144828,SH SUPERIOR HOME GROUP LLC,,1028 Olmsted Dr,Glendale,91202,04/22/2025,"$1,175,000",company
144828,AHAVA PROPERTIES LLC,,1534 Idlewood Rd,Glendale,91202,05/19/2025,"$1,700,000",company
144828,ESAAM LTD CORP,,1558 Hillcrest Ave,Glendale,91202,05/13/2025,"$2,200,000",company
144828,AHAVA PROPERTIES LLC,,1800 Hillcrest Ave,Glendale,91202,05/29/2025,"$1,000,000",company
144828,LION YARSA INC,,600 W Stocker St #303,Glendale,91202,02/12/2025,"$590,000",company
144828,ZBUYERZ LLC,,501 Solway St,Glendale,91206,08/27/2024,"$615,000",company
ANCHOR LOANS LP,SENSOR ONE ELECTRONIC SECURITY/REYES MICHAEL,Reyes Michael,5242 Windermere Ave,Los Angeles,90041,11/27/2024,"$800,000",individual
ANCHOR LOANS LP,CHIMAY ENTS LLC,,1285 Boynton St,Glendale,91205,11/19/2024,"$1,175,000",company
152575,PKG PROPERTY GROUP LLC,,1632 Oak Grove Dr,Los Angeles,90041,04/14/2025,"$1,126,000",company
144828,4989 VINCENT LLC,,1327 Brampton Rd,Los Angeles,90041,08/30/2024,"$1,215,000",company
144828,NC ELEVATE INVESTMENTS LLC,,1015 Larker Ave,Los Angeles,90042,03/26/2025,"$1,330,000",company
144828,RHEE HOMES LLC,,175 E Villa St,Pasadena,91103,02/11/2025,"$700,000",company
144828,CAPTAIN CASH CO,,1000 N Marengo Ave,Pasadena,91103,02/24/2025,"$830,000",company
144828,SARITZKY RON/SARITZKY TRACY,Saritzky Tracy,1158 Wesley Ave,Pasadena,91104,07/16/2024,"$750,000",individual
144828,OFFERNEST LLC,,2074 Las Lunas St,Pasadena,91107,12/17/2024,"$1,300,000",company
144828,RS REAL ESTATE &,,57 S Grand Oaks Ave,Pasadena,91107,02/25/2025,"$841,000",individual
144828,NEIGHBORHOOD HOME OFFER LLC,,1732 Newport Ave,Pasadena,91103,04/16/2025,"$760,000",company
ANCHOR LOANS LP,COUNTRYWIDE LLC,,1745 Mentone Ave,Pasadena,91103,07/18/2024,"$698,000",company
144828,BRIDAY MOUNTAIN VIEW LLC,,482 Mountain View St,Altadena,91001,11/21/2024,"$655,000",company
ANCHOR LOANS LP,MASIS HOLDINGS LLC,,288 W Mariposa St,Altadena,91001,10/04/2024,"$925,000",company
ANCHOR LOANS LP,FVR GROUP TWENTYSIX LLC,,226 E Las Flores Dr,Altadena,91001,01/07/2025,"$820,000",company
144828,JEK EQUITY & INVESTMENTS LLC,,344 E Las Flores Dr,Altadena,91001,12/19/2024,"$1,200,000",company
ANCHOR LOANS LP,CJ FINANCIAL GROUP INC,,16 E Altadena Dr,Altadena,91001,10/04/2024,"$896,000",company
ANCHOR LOANS LP,JOEN GROUP CORP,,2123 Navarro Ave,Altadena,91001,12/20/2024,"$575,000",company
144828,PC REAL ESTATE INVESTMENTS LLC,,2650 Catherine Rd,Altadena,91001,12/10/2024,"$895,000",company
EASY STREET CAP CA LLC,MELIMONT LLC,,1233 Sonoma Dr,Altadena,91001,04/07/2025,"$753,000",company
ANCHOR LOANS LP,1837 BRIGHTON LLC,,5250 La Canada Blvd,La Canada Flintridge,91011,03/05/2025,"$2,900,000",company
EASY STREET CAP CA LLC,BOWHEAD INVESTMENT CO,,2423 Rockdell St,La Crescenta,91214,12/16/2024,"$1,100,000",company
ANCHOR LOANS LP,R & R CASITAS LLC,,5368 Ocean View Blvd,La Canada Flintridge,91011,10/31/2024,"$1,975,000",company
ANCHOR LOANS LP,R & R CASITAS LLC,,5368 Ocean View Blvd,La Canada Flintridge,91011,10/31/2024,"$1,975,000",company
EASY STREET CAP CA LLC,SANCHEZ ROSAMARIA,,1307 W 59th Pl,Los Angeles,90044,12/23/2024,"$600,000",individual
144828,RHERRERA & THE KIDS LLC,,6419 Bonsallo Ave,Los Angeles,90044,09/06/2024,"$510,000",company
144828,C & E INVESTMENTS INC,,1143 E 71st St,Los Angeles,90001,12/27/2024,"$490,000",company
ANCHOR LOANS LP,305 AUTO ADVERTISING INC,,1438 W 69th St,Los Angeles,90047,12/17/2024,"$500,000",company
144828,NEIGHBORHOOD HOME OFFER LLC,,1847 W 74th St,Los Angeles,90047,09/16/2024,"$620,000",company
144828,COVIS GROUP INC,,7810 S Hobart Blvd,Los Angeles,90047,02/21/2025,"$646,000",company
ANCHOR LOANS LP,DEJAVU HOLDINGS INC,,7803 S Harvard Blvd,Los Angeles,90047,07/08/2024,"$545,000",company
144828,GO LOS ANGELES PTSHP LLC,,1336 W 73rd St,Los Angeles,90044,08/02/2024,"$755,000",company
144828,DS & CO INC,,8471 Hooper Ave,Los Angeles,90001,10/03/2024,"$485,000",company
152575,HSB R/E ACQUISITION LLC,,240 E 84th St,Los Angeles,90003,04/22/2025,"$890,000",company
ANCHOR LOANS LP,JVLA GROUP,,161 W 82nd St,Los Angeles,90003,09/03/2024,"$460,000",company
144828,ANGELI INVESTMENTS LLC,,1458 W 80th St,Los Angeles,90047,10/31/2024,"$700,000",company
EASY STREET CAP CA LLC,MEHRA VIPIN,,1818 W 79th St,Los Angeles,90047,12/31/2024,"$600,000",individual
144828,CASHNVESTORS LLC,,1950 W 79th St,Los Angeles,90047,02/20/2025,"$575,000",company
ANCHOR LOANS LP,STRUCTURED ASSETS LLC,,9116 S Wilton Pl,Los Angeles,90047,05/01/2025,"$615,000",company
ANCHOR LOANS LP,RHEMA 12 LLC,,800 E 90th St,Los Angeles,90002,03/26/2025,"$462,500",company
144828,GARCIA CORTEZ PLASTERING INC,,1115 E 90th St,Los Angeles,90002,11/01/2024,"$440,000",company
144828,VIRGO H INV LLC,,8811 Plevka Ave,Los Angeles,90002,01/31/2025,"$455,000",company
ANCHOR LOANS LP,DREAM LA INVESTMENTS LLC,,9413 Croesus Ave,Los Angeles,90002,01/17/2025,"$500,000",company
144828,SKY LIVING INVESTMENTS LLC,,9613 Wilmington Ave,Los Angeles,90002,03/04/2025,"$360,000",company
144828,JD WESTERN PARTNERS LLC,,654 W 98th St,Los Angeles,90044,11/01/2024,"$640,000",company
EASY STREET CAP CA LLC,ACE 1 MARKETING LLC,,9231 La Salle Ave,Los Angeles,90047,02/07/2025,"$650,000",company
144828,VIRGO H INV LLC,,1412 W 93rd St,Los Angeles,90047,03/10/2025,"$600,000",company
144828,CHIROSE INV MGMT LLC,,1921 W 94th St,Los Angeles,90047,02/07/2025,"$711,000",company
144828,DUOWEI ENTS,,2151 W 108th St,Los Angeles,90047,03/26/2025,"$665,000",individual
EASY STREET CAP CA LLC,RODRIGUEZ JULIO,,10976 Mckinley Ave,Los Angeles,90059,04/04/2025,"$1,015,000",individual
144828,3-WAY INVESTMENTS LLC,,627 W 111th Pl,Los Angeles,90044,05/14/2025,"$520,000",company
ANCHOR LOANS LP,STRUCTURED ASSETS LLC,,1735 W 108th St,Los Angeles,90047,04/24/2025,"$530,000",company
EASY STREET CAP CA LLC,ZERO TOLERANCE LLC,,11917 S Hoover St,Los Angeles,90044,01/16/2025,"$515,000",company
144828,PIVOT VENTURE GROUP LLC,,14904 S Raymond Ave,Gardena,90247,12/11/2024,"$540,000",company
144828,STRAUGHAN C & E TRUST,,14426 S Berendo Ave,Gardena,90247,02/14/2025,"$703,000",ignored
144828,TOOTHS CAPITAL LLC,,2204 W 153rd St,Compton,90220,06/03/2025,"$490,000",company
144828,CBH HOMES LLC,,916 S Northwood Ave,Compton,90220,02/20/2025,"$530,000",company
144828,PALOS TRIBE LLC,,1509 W 138th St,Compton,90222,03/28/2025,"$600,000",company
ANCHOR LOANS LP,LA TINA MARAVILLAS-CORPORATION,,1208 W 133rd St,Compton,90222,03/18/2025,"$522,000",company
144828,DS & CO INC,,810 W Compton Blvd #7,Compton,90220,04/24/2025,"$295,000",company
144828,ONE POINT INC,,441 W Palm St,Compton,90220,12/23/2024,"$515,000",company
EASY STREET CAP CA LLC,LM BUILDERS LLC,,200 N Willow Ave,Compton,90221,05/13/2025,"$497,000",company
EASY STREET CAP CA LLC,JONES TRACY B,,1016 E Oaks St,Compton,90221,12/19/2024,"$650,000",individual
144828,C & E INVESTMENTS INC,,1212 E Pine St,Compton,90221,12/27/2024,"$465,000",company
144828,SKY LIVING INVESTMENTS LLC,,1824 E Pine St,Compton,90221,01/14/2025,"$455,000",company
144828,B & B LEGACY LLC,,300 S Burris Ave,Compton,90221,09/25/2024,"$510,000",company
EASY STREET CAP CA LLC,BC PROPERTY INVESTMENTS LLC,,805 S Poinsettia Ave,Compton,90221,02/05/2025,"$450,000",company
144828,SKY LIVING INVESTMENTS LLC,,310 S Harris Ave,Compton,90221,03/07/2025,"$540,000",company
ANCHOR LOANS LP,TESORO INVESTMENTS INC,,4618 E Linsley St,Compton,90221,05/07/2025,"$435,000",company
144828,HOPE ST LLC,,2519 Hope St,Huntington Park,90255,04/04/2025,"$600,000",company
144828,AG FLIPS LLC,,2833 Hill St,Huntington Park,90255,05/20/2025,"$500,000",company
EASY STREET CAP CA LLC,JMP INVESTMENTS INC,,8126 S Gate Ave,South Gate,90280,03/17/2025,"$515,000",company
ANCHOR LOANS LP,TESORO INVESTMENTS INC,,3612 Liberty Blvd,South Gate,90280,07/05/2024,"$565,000",company
144828,UWP INVESTMENT LLC,,7314 Quill Dr #155,Downey,90242,03/03/2025,"$385,000",company
EASY STREET CAP CA LLC,FENIX ENTREPRENEUR INC,,7046 San Marcus St,Paramount,90723,01/27/2025,"$520,000",company
144828,DUOWEI ENTERPRISES,,8039 4th St,Downey,90241,05/27/2025,"$865,000",company
144828,NEAL MICHAEL S TRUST,,13208 Blodgett Ave,Downey,90242,04/18/2025,"$630,000",ignored
ANCHOR LOANS LP,BACKBONE INVESTMENTS INC,,14745 Woodruff Ave,Bellflower,90706,01/16/2025,"$1,160,000",company
ANCHOR LOANS LP,LAJOMA CORP,,9624 Farm St,Downey,90241,08/28/2024,"$865,000",company
144828,KB BUY AMERICA REALTY INC,,5100 E 60th Pl,Maywood,90270,05/22/2025,"$720,000",company
144828,SK AMRITSAR GROUP LLC,,4064 E 60th St,Huntington Park,90255,09/12/2024,"$670,000",company
144828,825 DATE DEVELOPERS LLC,,1601 W Los Angeles Ave,Montebello,90640,10/18/2024,"$650,000",company
144828,825 DATE DEVELOPERS LLC,,128 S 2nd St #D,Montebello,90640,08/23/2024,"$650,000",company
152575,TORRES PLINIO E/TORRES CARMEN,Torres Carmen,6759 Live Oak St,Bell Gardens,90201,08/06/2024,"$830,000",individual
EASY STREET CAP CA LLC,OUIMSING LIV M,,16239 Chicago Ave,Bellflower,90706,10/29/2024,"$1,460,000",individual
EASY STREET CAP CA LLC,LEDEZMA PROPERTIES LLC,,13064 Hedda Ln,Cerritos,90703,04/11/2025,"$895,000",company
144828,UNITED JB MP LLC,,18548 San Gabriel Ave,Cerritos,90703,05/01/2025,"$1,060,000",company
144828,COVIS GROUP INC,,19203 Benfield Ave,Cerritos,90703,03/11/2025,"$1,015,000",company
144828,KB BUY AMERICA REALTY INC,,12202 Silva Pl,Cerritos,90703,05/14/2025,"$885,000",company
144828,META MORTGAGE LEG LIVING TRUST/MEN SAMATH,Men Samath,22108 Arline Ave,Hawaiian Gardens,90716,08/13/2024,"$810,000",individual
144828,MEN SAMATH,,3412 Stevely Ave,Long Beach,90808,07/19/2024,"$825,000",individual
144828,SKY LIVING INVESTMENTS LLC,,8065 E Ring St,Long Beach,90808,01/30/2025,"$1,025,000",company
144828,REK WHITTIER LLC,,9437 Harvard St,Bellflower,90706,05/12/2025,"$655,000",company
ANCHOR LOANS LP,ONYX REAL ESTATE HOLDINGS LLC,,5845 Gundry Ave,Long Beach,90805,04/03/2025,"$622,000",company
144828,AJVJ LLC,,162 E Louise St,Long Beach,90805,01/07/2025,"$530,000",company
EASY STREET CAP CA LLC,1562 INDIAN TRAILS LLC,,4718 Gaviota Ave,Long Beach,90807,09/06/2024,"$575,000",company
EASY STREET CAP CA LLC,GD BRISTOL-LLC,,4719 Falcon Ave,Long Beach,90807,02/26/2025,"$848,500",company
144828,COVIS GROUP INC,,4224 Falcon Ave,Long Beach,90807,04/23/2025,"$951,000",company
144828,ATFM INC,,4100 Pacific Ave,Long Beach,90807,08/15/2024,"$1,250,000",company
EASY STREET CAP CA LLC,5MG INVESTMENT GROUP INC,,3403 Falcon Ave,Long Beach,90807,02/05/2025,"$785,000",company
ANCHOR LOANS LP,2268 MYRTLE ST LLC,,2024 Chestnut Ave,Long Beach,90806,04/22/2025,"$1,290,000",company
ANCHOR LOANS LP,RS REAL ESTATE &,,1930 Magnolia Ave,Long Beach,90806,01/29/2025,"$740,000",individual
144828,STAGED & SOLD INC,,2510 Termino Ave,Long Beach,90815,06/02/2025,"$935,000",company
144828,ID BY VICTORIA LLC,,2680 Chatwin Ave,Long Beach,90815,03/25/2025,"$915,000",company
144828,STAGED & SOLD INC,,2440 Ostrom Ave,Long Beach,90815,05/12/2025,"$960,000",company
EASY STREET CAP CA LLC,VERSATIL PROP SOLUTIONS LLC,,2715 Petaluma Ave,Long Beach,90815,10/09/2024,"$871,000",company
144828,HUXURY LLC,,292 Covina Ave,Long Beach,90803,04/29/2025,"$1,000,000",company
ANCHOR LOANS LP,RS REAL ESTATE &,,25 Bennett Ave,Long Beach,90803,12/24/2024,"$2,450,000",individual
144828,W & L BUSINESS COLLECTIVE LLC,,1520 Ohio Ave,Long Beach,90804,04/11/2025,"$550,000",company
EASY STREET CAP CA LLC,ZERO TOLERANCE LLC,,1735 Chestnut Ave,Long Beach,90813,02/26/2025,"$563,000",company
152575,L & E FLIPS LLC,,1146 N Loma Vista Dr,Long Beach,90813,02/25/2025,"$500,000",company
144828,COVIS GROUP INC,,1015 S Castlegate Ave,Compton,90221,02/20/2025,"$560,000",company
144828,META REAL ESTATE LLC,,161 E Barclay St,Long Beach,90805,12/18/2024,"$715,000",company
144828,CASTILLO AYALA FAM LIVIN TRUST,,3274 Adriatic Ave,Long Beach,90810,08/29/2024,"$705,000",ignored
144828,1 TIME INVESTMENT GROUP LLC,,2101 W Canton St,Long Beach,90810,12/16/2024,"$585,000",company
144828,SJO INVESTMENTS LLC,,2418 W Lincoln St,Long Beach,90810,05/27/2025,"$556,000",company
144828,TLP 1 LLC,,19222 S Grandee Ave,Carson,90746,04/18/2025,"$633,000",company
144828,HYLTON & DAUGHTERS LLC,,1722 E Turmont St,Carson,90746,02/11/2025,"$875,000",company
144828,RELIABLE PROP SOLUTIONS LLC,,19617 Enslow Dr,Carson,90746,03/04/2025,"$810,000",company
144828,RELIABLE PROP SOLUTIONS LLC,,19240 Annalee Ave,Carson,90746,05/01/2025,"$760,000",company
144828,SHINE MANAGEMENT,,21260 Oakfort Ave,Carson,90745,05/20/2025,"$700,000",individual
144828,AEGIS GLOBAL LC LLC,,18106 Coltman Ave,Carson,90746,04/10/2025,"$700,000",company
144828,TGM VENTURE PARTNERS LP,,21322 Moneta Ave,Carson,90745,02/28/2025,"$575,000",company
144828,AVRO PROPERTIES LLC,,22935 Felbar Ave,Torrance,90505,05/12/2025,"$1,360,000",company
144828,BOCF PROPERTIES LLC,,1814 W 238th St,Torrance,90501,02/19/2025,"$1,220,000",company
ANCHOR LOANS LP,SEAROCK 253 LLC,,2110 253rd Pl,Lomita,90717,02/03/2025,"$725,000",company
144828,SOFIA LAND INC,,23215 Elm Ave,Torrance,90505,04/02/2025,"$1,460,000",company
144828,OCEAN BLUE LIVING INC,,24220 Spicewood Ln,Harbor City,90710,05/02/2025,"$936,000",company
144828,GOOD MOOD STUDIO INC,,1444 260th St #1,Harbor City,90710,02/25/2025,"$350,000",company
144828,URBAN STREET VENTURES INC,,1610 266th St,Harbor City,90710,06/06/2025,"$670,000",company
ANCHOR LOANS LP,WESTERN PRO BUILDERS,,1242 W Summerland Ave,San Pedro,90732,02/12/2025,"$619,000",individual
ANCHOR LOANS LP,HL3 ALPHA LLC,,221 Via Los Miradores,Redondo Beach,90277,10/21/2024,"$2,010,000",company
144828,OCEAN BLUE LIVING INC,,19910 Bernist Ave,Torrance,90503,03/04/2025,"$999,000",company
ANCHOR LOANS LP,AQUARIUS PROPERTIES LLC,,4413 Scott St,Torrance,90503,11/21/2024,"$1,149,000",company
144828,PWNE CAP LLC,,4306 W 230th Pl,Torrance,90505,10/22/2024,"$1,218,000",company
144828,TLP 1 LLC,,5506 Calle De Ricardo,Torrance,90505,03/05/2025,"$1,560,000",company
144828,OCEAN BLUE LIVING INC,,24436 Park St,Torrance,90505,04/03/2025,"$1,125,000",company
144828,AVRO PROPERTIES LLC,,3241 Dalemead St,Torrance,90505,12/17/2024,"$1,170,000",company
144828,BOCF PROPERTIES LLC,,2618 Brian Ave,Torrance,90505,04/16/2025,"$1,180,000",company
144828,FOCUS INVESTMENT LLC,,1741 Perch St,San Pedro,90732,10/29/2024,"$1,190,000",company
144828,TLP 1 LLC,,22 Seaview Dr S,Palos Verdes Peninsula,90274,03/18/2025,"$985,000",company
144828,HAPPY HOME PLATE INC,,11117 Maidstone Ave,Norwalk,90650,04/01/2025,"$620,000",company
ANCHOR LOANS LP,SG20INVESTMENTS LLC/CASA REAL PROPERTIES LLC,Casa Real Properties LLC,12340 Dune St,Norwalk,90650,04/15/2025,"$655,000",company
144828,MILLENNIAL INVESTMENTS LLC,,11920 Laurel Ave,Whittier,90605,05/29/2025,"$860,000",company
144828,HAPPY HOME PLATE INC,,16510 Greystone Dr #112,La Mirada,90638,03/14/2025,"$515,000",company
144828,SKY LIVING INVESTMENTS LLC,,14420 Plantana Dr,La Mirada,90638,02/10/2025,"$722,000",company
144828,ADI ENTERPRISES LLC,,14724 Mercado Ave,La Mirada,90638,05/22/2025,"$720,000",company
EASY STREET CAP CA LLC,ROCPORT INC,,15026 Costa Mesa Dr,La Mirada,90638,03/20/2025,"$640,000",company
EASY STREET CAP CA LLC,JAM WORKS INC,,10973 Excelsior Dr,Norwalk,90650,03/18/2025,"$495,000",company
144828,OC CARPET EVENTS INSTALLERS LL,,11853 Nava St,Norwalk,90650,08/26/2024,"$765,000",company
EASY STREET CAP CA LLC,LA PLACA INVESTMENT GROUP LLC,,15526 Cameo Ave,Norwalk,90650,10/07/2024,"$635,000",company
144828,HKH INVESTMENTS LLC,,10913 Farndon St,South El Monte,91733,12/13/2024,"$538,000",company
144828,SKY LIVING INVESTMENTS LLC,,4118 Overcrest Dr,Whittier,90601,02/05/2025,"$1,030,000",company
144828,MILLENNIAL INVESTMENTS LLC,,9127 Mills Ave,Whittier,90603,04/01/2025,"$730,000",company
144828,MILLENNIAL INVESTMENTS LLC,,14445 Reis St,Whittier,90604,03/21/2025,"$620,000",company
144828,MILLENNIAL INVESTMENTS LLC,,14182 Close St,Whittier,90604,05/07/2025,"$635,000",company
144828,SKY LIVING INVESTMENTS LLC,,2082 Salto Dr,Hacienda Heights,91745,01/06/2025,"$940,000",company
144828,CSET LLC,,1502 Hedgepath Ave,Hacienda Heights,91745,10/24/2024,"$1,017,000",company
144828,BAGUIO PINES LLC,,15033 Gale Ave,Hacienda Heights,91745,02/28/2025,"$545,000",company
EASY STREET CAP CA LLC,NEXT STEP LLC,,15716 Ragley St,Hacienda Heights,91745,03/19/2025,"$527,000",company
144828,BRISENA CONSULTING LLC,,19722 Cameron Ave,Covina,91724,09/17/2024,"$1,300,000",company
144828,724 HOLDINGS LLC,,2968 Crooked Creek Dr,Diamond Bar,91765,08/27/2024,"$700,000",company
EASY STREET CAP CA LLC,SI TWO LLC,,1932 Chapman Rd,Claremont,91711,03/27/2025,"$950,000",company
144828,VINTAGE FLIP LLC,,145 W 7th St,Claremont,91711,04/08/2025,"$1,650,000",company
144828,D B 7 CONSULTING INC,,2429 Alder St,Pomona,91767,09/24/2024,"$540,000",company
144828,CAPITAL WAY INVESTMENTS LLC,,1131 Carmel Ct,Pomona,91767,02/20/2025,"$1,130,000",company
144828,MGRE ENTS LLC,,1717 Norval St,Pomona,91766,04/18/2025,"$552,000",company
144828,10 MIL INVESTMENTS LLC,,2309 Ann Arbor Ave,Pomona,91766,05/29/2025,"$565,000",company
144828,UWP INVESTMENTS LLC,,411 E Center St,Pomona,91767,01/17/2025,"$370,000",company
EASY STREET CAP CA LLC,INDESIGNING LLC,,2133 Powers St,Pomona,91766,04/28/2025,"$500,000",company
144828,D B 7 CONSULTING INC,,2394 Concord Ave,Pomona,91768,09/24/2024,"$542,500",company
EASY STREET CAP CA LLC,DIVINITY FLO LLC,,2275 Farringdon Ave,Pomona,91768,01/28/2025,"$530,000",company
144828,FINE LINE INVESTMENTS LLC,,2073 Arthur Ave,Pomona,91768,03/18/2025,"$565,000",company
144828,ROSA MARIA RIVERA LLC,,1478 N Park Ave,Pomona,91768,05/14/2025,"$525,000",company
144828,EM INVESTMENT GROUP LLC,,2291 Halcyon Way,Pomona,91767,11/08/2024,"$550,000",company
144828,ZBUYERZ LLC,,259 Freda Ave,Pomona,91767,05/23/2025,"$575,000",company
144828,LABOR OF LOVE INVESTMENTS LLC,,1982 10th St,La Verne,91750,03/04/2025,"$860,000",company
144828,FLIPPING SOCAL LLC,,736 N Walnut Ave,San Dimas,91773,01/29/2025,"$520,000",company
144828,ULLOA CARLOS,,957 N Walnut Ave,San Dimas,91773,09/25/2024,"$710,000",company
144828,DUOWEI ENTS LLC,,739 S Treanor Ave,San Dimas,91773,01/30/2025,"$710,000",company
EASY STREET CAP CA LLC,GD BRISTOL-LLC,,1528 E Dexter St,Covina,91724,02/03/2025,"$910,000",company
144828,VISMAR PROPERTIES LLC,,4503 N Glenvina Ave,Covina,91722,04/08/2025,"$715,000",company
144828,33 INC,,1254 Camino Del Sur,San Dimas,91773,11/05/2024,"$910,000",company
144828,SUNSET COAST DESIGN LLC,,1903 Avenida Monte Vis,San Dimas,91773,08/15/2024,"$900,000",company
144828,MAISON PROPERTIES LLC,,14588 Dancer St,La Puente,91744,02/26/2025,"$615,000",company
ANCHOR LOANS LP,FVR GROUP SIXTEEN LLC,,1101 E Camino Real Ave,Arcadia,91006,11/21/2024,"$1,400,000",company
144828,MANSION FLIP INC,,347 Stedman Pl,Monrovia,91016,05/13/2025,"$1,050,000",company
144828,33 INC,,2217 Tall Pine Dr,Bradbury,91008,10/18/2024,"$870,000",company
144828,KASSAS 14 LLC,,4445 Halifax Rd,El Monte,91731,04/28/2025,"$695,000",company
144828,EXCLUSIVE FINANCIAL GRP INC,,9063 Evansport Dr,Rosemead,91770,04/11/2025,"$575,000",company
EASY STREET CAP CA LLC,TIEU STEVE,,3247 Sullivan Ave,Rosemead,91770,05/22/2025,"$1,052,500",individual
144828,SGV 2025 INVESTMENTS LLC,,551 W Crescent Dr,Azusa,91702,02/12/2025,"$530,000",company
144828,LA PLACA INVESTMENT GROUP LLC,,1138 N Azusa Ave,Azusa,91702,01/30/2025,"$475,000",company
ANCHOR LNS,SIGNATURE PROP MGMT LLC,,3209 Conata St,Duarte,91010,04/25/2025,"$825,000",company
EASY STREET CAP CA LLC,CORTEZ JOEY B,,317 Clarkview Dr,Duarte,91010,07/18/2024,"$1,075,000",company
144828,SKY LIVING INVESTMENTS LLC,,920 W Hollyvale St,Azusa,91702,10/11/2024,"$435,000",company
144828,SOL INVS & SOLUTIONS INC,,1042 Brightview Dr,Glendora,91740,11/18/2024,"$595,000",company
144828,TCM FAMILY ENTS LLC,,759 W Dike St,Glendora,91740,11/21/2024,"$760,000",company
144828,AH PROPERTIES I INC,,420 W Bennett Ave,Glendora,91741,08/29/2024,"$850,000",company
144828,COVIS GROUP INC,,622 N Pasadena Ave,Glendora,91741,04/03/2025,"$950,000",company
144828,BLUE WAVE INVESTMENTS INC,,915 Bradish Ave,Glendora,91740,04/07/2025,"$850,000",company
144828,RM PREMIER HOMES LLC,,2268 Del Marino,La Verne,91750,05/20/2025,"$1,480,000",company
144828,TEAM REYES REALTY GROUP LLC,,99 Village Loop Rd,Pomona,91766,04/15/2025,"$750,000",company
144828,CAPITAL WAY INVESTMENTS LLC,,1798 Wright St,Pomona,91766,04/02/2025,"$535,000",company
144828,RS REAL ESTATE &,,626 Ritter St,Diamond Bar,91765,02/25/2025,"$930,000",individual
144828,LEGACY GROUP INVESTMENTS LLC,,18263 Lanaca St,La Puente,91744,01/22/2025,"$540,000",company
EASY STREET CAP CA LLC,LUMISTOD LLC,,17535 Northam St,La Puente,91744,10/30/2024,"$525,000",company
144828,RS REAL ESTATE &,,2327 Bonnie Brae,Santa Ana,92706,11/07/2024,"$985,000",individual
144828,PREMIER CAPITAL VENTURE LLC,,2122 W 10th St,Santa Ana,92703,04/11/2025,"$885,000",company
ANCHOR LOANS LP,COUNTRYWIDE LLC,,430 S Poplar St,Santa Ana,92703,06/25/2024,"$749,000",company
ANCHOR LOANS LP,RS REAL ESTATE &,,2220 Halladay St,Santa Ana,92707,02/07/2025,"$665,000",individual
144828,BLUE SKY EQUITY GROUP LLC,,1110 Arbolita Dr,La Habra,90631,03/19/2025,"$1,000,000",company
144828,SKY LIVING INVESTMENTS LLC,,140 Virginia St,La Habra,90631,01/30/2025,"$640,000",company
ANCHOR LOANS LP,FLIPUR INC,,19321 Manor Point Cir,Huntington Beach,92648,04/10/2025,"$2,075,000",company
144828,COVIS GROUP INC,,1027 Harmony Ln,Fullerton,92831,03/25/2025,"$1,142,000",company
EASY STREET CAP CA LLC,KB ACQUISITIONS GROUP LLC,,1019 N Dresden St,Anaheim,92801,04/23/2025,"$675,000",company
EASY STREET CAP CA LLC,PHAM SON,,1011 E Santa Ana St,Anaheim,92805,01/23/2025,"$450,000",individual
EASY STREET CAP CA LLC,ADJA INVESTMENT LLC,,315 E Oakmont Ave,Orange,92867,03/21/2025,"$1,025,000",company
EASY STREET CAP CA LLC,DOTTY HOMES,,213 N Flower St,Orange,92868,05/05/2025,"$868,000",individual
ANCHOR LOANS LP,RS REAL ESTATE &,,320 7th St,Seal Beach,90740,12/17/2024,"$3,100,000",individual
152575,ONE TWENTY-TWO HOLDINGS LLC,,122 29th St,Newport Beach,92663,08/14/2024,"$2,700,000",company
144828,RS REAL ESTATE &,,5862 Marshall Ave,Buena Park,90621,03/05/2025,"$701,000",individual
144828,TLP 1 LLC,,8195 Dracaena Dr,Buena Park,90620,04/25/2025,"$885,000",company
144828,CAPTAIN CASH CO,,2124 W Flower Ave,Fullerton,92833,05/05/2025,"$605,000",company
ANCHOR LOANS LP,RS REAL ESTATE &,,1521 E Canfield Ln,Anaheim,92805,12/16/2024,"$5,000,000",individual
144828,RS REAL ESTATE &,,7160 Cerritos Ave #D,Stanton,90680,01/02/2025,"$1,250,000",individual
ANCHOR LOANS LP,RS REAL ESTATE PLUSA,,10430 Drake Way,Stanton,90680,03/26/2025,"$515,000",individual
144828,PI GROUP VENTURES LLC,,13622 Illinois St,Westminster,92683,05/21/2025,"$920,000",company
ANCHOR LOANS LP,RS REAL ESTATE &,,738 Amberwood Dr,Santa Ana,92703,05/12/2025,"$582,000",individual
144828,DUOWEI ENTERPRISES,,13181 Dean St,Tustin,92780,05/28/2025,"$1,000,000",company
144828,RED DOOR INV PROPS CORP,,1292 Tiffany Pl,Tustin,92780,09/23/2024,"$1,100,000",company
144828,GBKD INC,,1461 Garland Ave,Tustin,92780,04/15/2025,"$1,023,000",company
144828,TLP 1 LLC,,13541 Farmington Rd,Tustin,92780,02/13/2025,"$1,010,000",company
EASY STREET CAP CA LLC,MY TIEN TRUONG INC,,15142 Yawl St,Garden Grove,92843,03/17/2025,"$1,170,000",company
ANCHOR LOANS LP,RS REAL ESTATE &,,10572 Torrington Cir,Westminster,92683,04/30/2025,"$1,620,000",individual
144828,RS REAL ESTATE &,,724 S Sail St,Santa Ana,92704,02/26/2025,"$940,000",individual
144828,MONET INVESTMENTS LLC,,275 E Wilson St,Costa Mesa,92627,04/22/2025,"$1,975,000",company
152575,WELL DONE BUILDING & DESIGN,,2302 Fairhill Dr,Newport Beach,92660,05/28/2025,"$2,325,000",company
144828,OC HOME BUYERS LLC,,33582 Bremerton St,Dana Point,92629,04/25/2025,"$1,200,000",company
144828,WE BUY OC LLC,,26666 Vuelta Loma,Capistrano Beach,92624,04/04/2025,"$1,225,000",company
EASY STREET CAP CA LLC,DP HOLDINGS II LLC,,26661 Vuelta Rica,Capistrano Beach,92624,03/14/2025,"$1,770,000",company
144828,PALACE LLC,,2435 W Broadway,Anaheim,92804,11/08/2024,"$735,000",company
ANCHOR LOANS LP,MY TIEN TRUONG INC,,11861 Amethyst St,Garden Grove,92845,04/04/2025,"$950,000",company
ANCHOR LOANS LP,RS REAL ESTATE &,,11050 Camden Way,Stanton,90680,03/18/2025,"$500,000",individual
144828,AMERICAN PACIFIC INV GRP LLC,,8771 La Grand Ave,Garden Grove,92841,02/19/2025,"$950,000",company
EASY STREET CAP CA LLC,SHAHROUR MARKETING LLC,,9642 Katella Ave,Anaheim,92804,07/30/2024,"$669,000",company
EASY STREET CAP CA LLC,NGUYEN NIKKI T,,11251 Bowles Ave,Garden Grove,92841,05/14/2025,"$885,000",individual
EASY STREET CAP CA LLC,WELL DONE BUILDING & DESIGN,,2829 Europa Dr,Costa Mesa,92626,09/10/2024,"$1,585,000",company
144828,MONET INVESTMENTS LLC,,1958 Balearic Dr,Costa Mesa,92626,04/22/2025,"$2,185,000",company
144828,HARKUSH INC,,2030 Goldeneye Pl,Costa Mesa,92626,05/27/2025,"$2,200,000",company
144828,HARKUSH LLC,,1785 Hummingbird Dr,Costa Mesa,92626,01/31/2025,"$2,050,000",company
144828,KEN TRAN PROPERTIES LLC,,306 Princeton Dr,Costa Mesa,92626,11/26/2024,"$1,280,000",company
144828,TLP 1 LLC,,3130 Kerry Ln,Costa Mesa,92626,05/14/2025,"$1,165,000",company
ANCHOR LOANS LP,BBXD INC,,7231 Siena Ave,Westminster,92683,02/14/2025,"$1,200,000",company
144828,KEN TRAN PROPERTIES LLC,,15462 Maryknoll St,Westminster,92683,01/22/2025,"$1,350,000",company
ANCHOR LOANS LP,FVR GROUP TWENTYTWO LLC,,928 S Laurel St,Santa Ana,92704,11/19/2024,"$880,000",company
144828,GARRIDO KRIS J/PHAM GINA T,Pham Gina T,11620 Quartz Ave,Fountain Valley,92708,11/15/2024,"$1,400,000",individual
EASY STREET CAP CA LLC,NESTCO GROUP LLC,,15931 Puritan Cir,Huntington Beach,92647,04/04/2025,"$989,000",company
144828,KEN TRAN PROPERTIES LLC,,15551 Sunburst Ln,Huntington Beach,92647,05/12/2025,"$1,555,500",company
144828,KEN TRAN PROPERTIES LLC,,20462 Alisa Ln,Huntington Beach,92646,05/12/2025,"$1,425,000",company
144828,KEN TRAN PROPERTIES LLC,,20441 Whitetree Cir,Huntington Beach,92646,03/17/2025,"$1,400,000",company
144828,KEN TRAN PROPERTIES LLC,,20862 Lancelot Ln,Huntington Beach,92646,05/22/2025,"$1,340,000",company
144828,KST INVESTMENT PARTNERS,,9355 Siskin Ave,Fountain Valley,92708,01/21/2025,"$1,500,000",individual
144828,MAI BICH H T,,8051 Taylor Dr,Huntington Beach,92646,09/26/2024,"$1,080,000",individual
144828,OC HOME BUYERS LLC,,8411 Santana Cir,Huntington Beach,92646,05/12/2025,"$1,023,000",company
ANCHOR LOANS LP,RS REAL ESTATE &,,6692 Alamitos Cir,Huntington Beach,92648,09/10/2024,"$2,800,000",individual
144828,HARKUSH INC,,5262 Glenroy Dr,Huntington Beach,92649,05/16/2025,"$1,505,000",company
144828,HARKUSH INC,,5951 Lancefield Dr,Huntington Beach,92649,03/14/2025,"$1,750,000",company
ANCHOR LOANS LP,RS REAL ESTATE &,,17422 Keelson Ln,Huntington Beach,92647,12/17/2024,"$2,050,000",individual
144828,RS REAL ESTATE &,,17412 Dairyview Cir #D,Huntington Beach,92647,10/30/2024,"$1,500,000",individual
144828,KIMMEL FAMILY TRUST,,17372 Dairyview Cir,Huntington Beach,92647,10/30/2024,"$1,500,000",ignored
144828,TRANLY LLC,,17805 Winterberry St,Fountain Valley,92708,09/16/2024,"$1,620,000",company
ANCHOR LOANS LP,MY TIEN TRUONG INC,,17174 Santa Madrina St,Fountain Valley,92708,03/11/2025,"$1,445,000",company
ANCHOR LOANS LP,PI GROUP VENTURES LLC,,17878 La Lima St,Fountain Valley,92708,03/06/2025,"$750,000",company
144828,HARKUSH LLC,,16602 Ensign Cir,Huntington Beach,92649,10/04/2024,"$3,650,000",company
EASY STREET CAP CA LLC,JT INVESTMENT GROUP LLC,,17181 Westport Dr,Huntington Beach,92649,10/21/2024,"$2,180,000",company
144828,HARKUSH INC,,16921 Bedford Ln,Huntington Beach,92649,04/15/2025,"$1,700,000",company
144828,MAISON PROPERTIES LLC,,5921 Meinhardt Rd,Westminster,92683,05/06/2025,"$895,500",company
144828,REELAND INVESTMENTS INC,,8852 Blossom Ave,Garden Grove,92841,08/16/2024,"$785,000",company
144828,MAISON PROPERTIES LLC,,6897 Leilani Ln,Cypress,90630,06/02/2025,"$1,020,000",company
144828,ANGEL WINGS MANAGEMENT LLC,,12391 Lampson Ave,Garden Grove,92840,10/07/2024,"$920,000",company
ANCHOR LOANS LP,RS REAL ESTATE &,,1170 S Hilda St,Anaheim,92806,05/22/2025,"$845,000",individual
144828,NOBLE ESTATE LLC,,2418 E Standish Ave,Anaheim,92806,03/14/2025,"$1,020,000",company
EASY STREET CAP CA LLC,AGGARWAL SHEFA/GARG HIMANSHU,Garg Himanshu,8041 Cheshire Cir,La Palma,90623,05/21/2025,"$1,125,000",individual
144828,RS REAL ESTATE &,,5231 Los Encantos Cir,La Palma,90623,05/28/2025,"$1,025,000",individual
144828,OC GRACE HOLDING LLC,,4772 Grace Ave,Cypress,90630,03/25/2025,"$1,405,000",company
144828,DOTTY HOMES,,7372 Brian Ln,La Palma,90623,05/08/2025,"$745,000",individual
144828,RS REAL ESTATE &,,2024 E Commonwealth Ave #D,Fullerton,92831,02/04/2025,"$1,350,000",individual
EASY STREET CAP CA LLC,JPH DEV LLC,,213 Miguel Pl,Fullerton,92835,03/20/2025,"$1,150,000",company
144828,210 STEVENS LLC,,1141 N Palm St,La Habra,90631,04/29/2025,"$1,038,000",company
144828,COVIS GROUP INC,,1304 Walling Ave,Brea,92821,03/11/2025,"$945,000",company
EASY STREET CAP CA LLC,G D BRISTOL- LLC,,826 De Jur St,Brea,92821,03/24/2025,"$800,000",company
144828,METRO MODERN REAL ESTATE,,4532 Zella Ln,Yorba Linda,92886,12/19/2024,"$905,000",individual
ANCHOR LOANS LP,FVR GROUP TWENTYEIGHT LLC,,4942 Gem Ln,Yorba Linda,92886,12/23/2024,"$815,000",company
144828,MELON STAY INC,,513 N Bradford Ave,Placentia,92870,04/28/2025,"$615,000",company
EASY STREET CAP CA LLC,LEGACY ESTS & INVS LLC,,619 W Chapman Ave,Placentia,92870,02/21/2025,"$695,000",company
EASY STREET CAP CA LLC,LA PLACA INVESTMENT GROUP LLC,,644 Kenoak Dr,Placentia,92870,04/18/2025,"$1,150,000",company
144828,NEXHOME INVESTMENTS LLC,,1763 N Rutherford St,Anaheim,92806,04/22/2025,"$675,000",company
EASY STREET CAP CA LLC,LEGACY ESTS & INVS LLC,,17001 La Kenice Way,Yorba Linda,92886,03/10/2025,"$1,050,000",company
144828,TGM VENTURE PARTNERS LP,,17541 Pine Cir,Yorba Linda,92886,05/20/2025,"$750,000",company
144828,ULTIMATE ASSETS LLE,,6032 Sun Knoll Cir,Yorba Linda,92886,04/17/2025,"$1,460,000",company
ANCHOR LOANS LP,MY TIEN TRUONG INC,,19851 Malaga Ln,Yorba Linda,92886,03/19/2025,"$1,100,000",company
144828,SKY LIVING INVESTMENTS LLC,,5431 Via Ontiveros,Yorba Linda,92887,03/06/2025,"$1,330,000",company
144828,WAIOLA CAPITAL LLC,,21679 Calle Alcazar,Yorba Linda,92887,04/08/2025,"$1,270,000",company
144828,OC HOME BUYERS LLC,,251 S Quintana Dr,Anaheim,92807,05/09/2025,"$1,500,000",company
144828,DEJACQ INVESTMENTS INC,,6198 E Camino Correr,Anaheim,92807,04/22/2025,"$1,015,000",company
144828,LTJ INVESTMENT GROUP INC,,6297 E Paseo Aldeano,Anaheim,92807,11/26/2024,"$1,800,000",company
EASY STREET CAP CA LLC,SA BROTHERS INC,,2086 N Mori Ln,Orange,92867,12/02/2024,"$975,000",company
144828,M4X LLC,,1894 N Silverwood St,Orange,92865,05/22/2025,"$985,000",company
EASY STREET CAP CA LLC,PAZ RENOVATIONS LLC/HEDAYATI MOHAMMAD A K,Hedayati Mohammad A K,1412 E Quincy Ave,Orange,92867,04/16/2025,"$968,000",company
EASY STREET CAP CA LLC,CORCAST ENT,,10231 Coral Tree Cir,Villa Park,92861,10/28/2024,"$2,450,000",company
144828,GBKD INC,,19041 E Avenida Palmar,Orange,92869,02/07/2025,"$855,000",company
144828,UWP INVESTMENTS LLC,,146 N Quail Ln,Orange,92869,04/21/2025,"$950,000",company
EASY STREET CAP CA LLC,MCMAHON RYAN/MCMAHON KAYLA,Mcmahon Kayla,1290 Orange Park Blvd,Orange,92869,04/11/2025,"$1,889,000",individual
144828,OC HOME BUYERS LLC,,2720 E Walnut Ave #10,Orange,92867,03/11/2025,"$802,500",company
ANCHOR LOANS LP,BLG CAPITAL LLC,,181 N Monterey Rd,Orange,92866,03/06/2025,"$1,290,000",company
EASY STREET CAP CA LLC,REVIVE SOCAL LLC,,1514 E Palm Ave,Orange,92866,04/09/2025,"$1,050,000",company
EASY STREET CAP CA LLC,GD BRISTOL-LLC,,347 E Barkley Ave,Orange,92867,02/28/2025,"$1,070,000",company
144828,URBAN STREET VENTURES INC,,1043 E Palmyra Ave,Orange,92866,11/18/2024,"$840,000",company
144828,IHOF INVESTMENTS LLC,,14681 Yorba St,Tustin,92780,05/16/2025,"$1,000,000",company
ANCHOR LOANS LP,BLG CAPITAL LLC,,14711 Mimosa Ln,Tustin,92780,01/27/2025,"$1,320,000",company
144828,CMR CONSULTING INC,,3718 S Garnsey St,Santa Ana,92707,05/28/2025,"$825,000",company
EASY STREET CAP CA LLC,KASTUDIO LLC,,3499 San Rafael Cir,Costa Mesa,92626,10/01/2024,"$1,157,000",company
144828,MONET INVESTMENTS LLC,,1068 San Pablo Cir,Costa Mesa,92626,04/22/2025,"$1,360,000",company
EASY STREET CAP CA LLC,TRINITY STRANDS INVS LLC,,575 Traverse Dr,Costa Mesa,92626,01/31/2025,"$1,300,000",company
EASY STREET CAP CA LLC,KASTUDIO LLC,,872 Liard Pl,Costa Mesa,92626,04/24/2025,"$1,570,000",company
144828,RS REAL ESTATE &,,NA Ca-55,Costa Mesa,92627,05/30/2025,"$2,052,500",individual
144828,RS REAL ESTATE &,,631 Victoria St,Costa Mesa,92627,05/30/2025,"$2,052,500",individual
144828,RS REAL ESTATE &,,631 Victoria St,Costa Mesa,92627,05/30/2025,"$2,052,500",individual
144828,RS REAL ESTATE &,,631 Victoria St,Costa Mesa,92627,05/30/2025,"$2,052,500",individual
144828,RS REAL ESTATE &,,NA Ca-55,Costa Mesa,92627,05/30/2025,"$2,052,500",individual
144828,OFFERNEST LLC,,1931 Roanoke Ave,Tustin,92780,01/03/2025,"$900,000",company
ANCHOR LOANS LP,BLG CAPITAL LLC,,20141 Spruce Ave,Newport Beach,92660,08/09/2024,"$1,905,500",company
144828,TLP 1 LLC,,2401 Orchid Hill Pl,Newport Beach,92660,02/19/2025,"$1,840,000",company
ANCHOR LOANS LP,RS REAL ESTATE &,,2422 Santa Ana Ave,Costa Mesa,92627,10/25/2024,"$3,000,000",individual
144828,TLP1 LLC,,416 Vista Grande,Newport Beach,92660,07/17/2024,"$2,225,000",company
144828,HARKUSH INC,,25 Rue Grand Vallee,Newport Beach,92660,04/01/2025,"$4,000,000",company
144828,FAIR PROPERTY BUYER LLC,,25 Almond Tree Ln,Irvine,92612,03/31/2025,"$1,250,000",company
144828,1507 SEACREST DRIVE LLC,,1507 Seacrest Dr,Corona Del Mar,92625,03/06/2025,"$4,995,000",company
144828,31 VISTA TRAMONTO LLC,,31 Vista Tramonto,Newport Coast,92657,01/27/2025,"$8,000,000",company
144828,UTT DRIVE LLC,,13611 Utt Dr,Tustin,92780,04/07/2025,"$1,150,000",company
ANCHOR LOANS LP,NEW FRESH INVESTMENTS LLC,,25191 Pizarro Rd,Lake Forest,92630,04/09/2025,"$805,000",company
144828,LINCK 2 HOMES LLC,,24596 Donna Ln,Lake Forest,92630,05/15/2025,"$1,105,000",company
EASY STREET CAP CA LLC,LA PLACA INVESTMENT GROUP LLC,,24882 Via San Rafael,Aliso Viejo,92656,03/28/2025,"$610,000",company
144828,RS REAL ESTATE &,,23552 Los Grandes St,Aliso Viejo,92656,05/12/2025,"$560,000",individual
144828,FAIR PROPERTY BUYER LLC,,25122 Natama Ct,Laguna Hills,92653,03/26/2025,"$1,565,000",company
144828,AMERICAN PACIFIC INV GRP LLC,,1095 Miramar St,Laguna Beach,92651,04/15/2025,"$1,745,000",company
ANCHOR LOANS LP,RS REAL ESTATE &,,1984 Cortez,Laguna Beach,92651,04/01/2025,"$1,275,000",individual
152575,PDQ INVESTMENTS LLC,,114 Blue Lagoon,Laguna Beach,92651,08/14/2024,"$1,898,000",company
144828,VANMAR CAPITAL LLC,,18 Woodhaven Dr,Laguna Niguel,92677,03/05/2025,"$1,925,000",company
EASY STREET CAP CA LLC,LEMONTREE ROAD LLC,,38 San Raphael,Dana Point,92629,02/04/2025,"$2,036,000",company
ANCHOR LOANS LP,TLP 1 LLC,,33231 Mesa Vista Dr,Dana Point,92629,04/15/2025,"$1,500,000",company
144828,LA PLACA INVESTMENT GROUP LLC,,33991 Calle De Bonanza,San Juan Capistrano,92675,03/27/2025,"$1,500,000",company
144828,GOLDEN GATE REALTY & INVS INC,,4158 Costero Risco,San Clemente,92673,05/27/2025,"$2,000,000",company
EASY STREET CAP CA LLC,LA PLACA INVESTMENT GROUP LLC,,329 Calle Pescador,San Clemente,92672,04/28/2025,"$1,700,000",company
144828,RS REAL ESTATE &,,244 W Avenida Palizada,San Clemente,92672,02/19/2025,"$2,335,000",individual
144828,CRM PROPERTY HOLDINGS LLC,,26492 Jacinto Dr,Mission Viejo,92692,03/04/2025,"$1,145,000",company
144828,RS REAL ESTATE &,,25941 Majorca Way,Mission Viejo,92692,12/09/2024,"$1,250,000",individual
144828,TGM VENTURE PARTNERS LP,,25652 Cervantes Ln,Mission Viejo,92691,08/28/2024,"$995,000",company
144828,GBKD INC,,26862 Salazar Dr,Mission Viejo,92691,05/12/2025,"$1,435,000",company
144828,GBKD INC,,23317 El Greco,Mission Viejo,92692,04/25/2025,"$930,000",company
144828,RS REAL ESTATE &,,27 Via Floria,Rancho Santa Margarita,92688,03/03/2025,"$1,075,000",individual
EASY STREET CAP CA LLC,BURDICK KENNETH,,7 Monticello Ln,Rancho Santa Margarita,92688,02/13/2025,"$975,000",individual
144828,911 REMODEL LLC,,27794 Via Sarasate,Mission Viejo,92692,05/15/2025,"$950,000",company
144828,911 REMODEL LLC,,23999 Delantal,Mission Viejo,92692,03/04/2025,"$872,000",company
144828,VIN KOI LLC,,27695 Via Turina,Mission Viejo,92692,02/10/2025,"$810,000",company
144828,WE BUY OC LLC,,22707 Via Santa Rosa,Mission Viejo,92691,03/12/2025,"$980,000",company
144828,ULTIMATE DESIGN BUILDER LLC,,32232 Fall River Rd,Trabuco Canyon,92679,11/06/2024,"$1,100,000",company
144828,FAIR PROPERTY BUYER LLC,,4 Via Adelfa,Rancho Santa Margarita,92688,10/31/2024,"$831,000",company
ANCHOR LOANS LP,TLP 1 LLC,,113 Via Breve #23,San Clemente,92672,01/02/2025,"$845,000",company
EASY STREET CAP CA LLC,G D BRISTOL-LLC,,624 S Sullivan St #8a,Santa Ana,92704,03/10/2025,"$435,000",company
144828,CENTURY EXECUTIVE REALTY,,1010 S Gibraltar Ave,Anaheim,92808,04/03/2025,"$600,000",individual
144828,FAIR PROPERTY BUYER LLC,,22983 Via Cereza #3b,Mission Viejo,92691,04/25/2025,"$410,000",company
144828,EVODAN LLC,,341 Carriage Dr #51,Santa Ana,92707,05/28/2025,"$527,000",company
EASY STREET CAP CA LLC,WANG PENG/WANG SHUANG,Wang Shuang,49 W Yale Loop #26,Irvine,92604,03/13/2025,"$1,500,000",individual
144828,METRO MODERN REAL ESTATE,,1354 Shadow Ln #102,Fullerton,92831,04/25/2025,"$350,000",individual
EASY STREET CAP CA LLC,GD BRISTOL LLC,,1349 Shadow Ln #218,Fullerton,92831,02/14/2025,"$450,000",company
ANCHOR LOANS LP,RS REAL ESTATE &,,2633 Monte Carlo Dr #41,Santa Ana,92706,02/13/2025,"$485,000",individual
144828,PI GROUP VENTURES LLC,,15065 Henley Dr #1,Westminster,92683,05/05/2025,"$575,000",company
144828,DAILYHOME INC,,2521 W Sunflower Ave #R8,Santa Ana,92704,02/05/2025,"$450,000",company
144828,DAILY HOME INC,,2501 W Sunflower Ave #H1,Santa Ana,92704,02/05/2025,"$450,000",company
152575,NGUYEN LONG/RUSSELL JEANNE,Russell Jeanne,19812 Ridge Manor Way #39,Yorba Linda,92886,04/03/2025,"$500,000",company
144828,CRM PROPERTY HOLDINGS,,24616 Polaris Dr #272,Dana Point,92629,05/23/2025,"$1,025,000",company
144828,PALACE LLC,,700 W La Veta Ave #4,Orange,92868,06/03/2025,"$405,000",company
144828,VANCAR LLC,,122 Cartier Aisle,Irvine,92620,12/11/2024,"$915,000",company
ANCHOR LOANS LP,RS REAL ESTATE &,,1010 W Macarthur Blvd #8,Santa Ana,92707,03/03/2025,"$315,000",individual
ANCHOR LOANS LP,RS REAL ESTATE &,,17562 Vandenberg Ln #12,Tustin,92780,05/12/2025,"$452,000",individual
ANCHOR LOANS LP,RS REAL ESTATE &,,435 W Center Street Prome #211,Anaheim,92805,04/04/2025,"$500,000",individual
144828,EVODAN LLC,,640 E Jeanette Ln,Santa Ana,92705,12/10/2024,"$735,000",company
144828,HARKUSH LLC,,48 Belcourt Dr #34,Newport Beach,92660,02/18/2025,"$2,650,000",company
144828,LEGACY WORLDWIDE CORPORATION,,1167 Hummingbird Ln,Corona,92882,11/01/2024,"$710,000",company
144828,UWP INVESTMENTS LLC,,931 Via Bernardo,Corona,92882,03/31/2025,"$400,000",company
144828,CASAS REALTY,,1326 Via Del Rio,Corona,92882,04/15/2025,"$381,000",individual
EASY STREET CAP CA LLC,PRO HOME INVESTORS LLC,,115 W Rancho Rd,Corona,92882,10/09/2024,"$641,000",company
144828,TLP 1 LLC,,286 E Mission Rd,Corona,92879,05/08/2025,"$600,000",company
EASY STREET CAP CA LLC,PREZ INVESTMENTS,,995 Bluecrest St,Corona,92882,04/15/2025,"$619,000",individual
ANCHOR LOANS LP,RS REAL ESTATE &,,1222 S Sheridan St,Corona,92882,12/09/2024,"$485,000",individual
EASY STREET CAP CA LLC,IRON SKYRISE LLC,,885 W Kendall St,Corona,92882,03/06/2025,"$640,000",company
ANCHOR LOANS LP,LISARDO CONSTRUCTION INC,,4368 Crown Ranch Rd,Corona,92881,01/03/2025,"$1,200,000",company
EASY STREET CAP CA LLC,ARMANIOUS GEORGE E F/SALIB KIROLLOS J,Salib Kirollos J,3116 Windhaven Way,Corona,92882,03/21/2025,"$780,000",company
144828,LP VISION PROJECTS LLC,,1021 W 5th St,Corona,92882,05/21/2025,"$458,000",company
144828,BRADA HOMES LLC,,1072 5th St,Norco,92860,09/10/2024,"$555,000",company
144828,JR & JAG PARTNERS INC,,4285 Sierra Ave,Norco,92860,05/20/2025,"$817,000",company
144828,STEVE T MYERS CONSTRUCTION INC,,151 Rawhide Ct,Norco,92860,02/07/2025,"$675,000",company
144828,SKY LIVING INVESTMENTS LLC,,12080 Scenic View Ter,Riverside,92505,03/13/2025,"$785,000",company
144828,NC ELEVATE INVESTMENTS LLC,,4474 Bartel Dr,Riverside,92503,04/21/2025,"$490,000",company
ANCHOR LOANS LP,COUNTRYWIDE LLC,,10355 Wells Ave,Riverside,92505,01/13/2025,"$499,000",company
EASY STREET CAP CA LLC,GD BRISTOL - LLC,,11187 58th St,Jurupa Valley,91752,04/22/2025,"$740,000",company
144828,KASSAC 14 LLC,,5839 Moonridge Dr,Jurupa Valley,92509,04/30/2025,"$585,000",company
144828,STRICKLAND SERVICES INC,,5187 Cedar St,Jurupa Valley,92509,05/08/2025,"$525,000",company
144828,PROPERTIES & INVESTMENTS LLC,,,,,02/06/2025,"$675,000",company
144828,PROPERTIES & INVESTMENTS LLC,,8443 Donna Way,Jurupa Valley,92509,02/06/2025,"$675,000",company
144828,BRIAN DAVILA LTD INC,,4073 Opal St,Jurupa Valley,92509,03/10/2025,"$355,000",company
144828,NC ELEVATE INVESTMENTS LLC,,5351 Viscaya Ct,Jurupa Valley,92509,05/12/2025,"$525,000",company
EASY STREET CAP CA LLC,CLOUD 9 PROPERTIES LLC,,7080 Valley Way,Jurupa Valley,92509,07/01/2024,"$310,000",company
EASY STREET CAP CA LLC,RAMS HOLDINGS LLC,,3880 Everest Ave,Riverside,92503,09/27/2024,"$450,000",company
144828,COMMUNITY BUILDING GROUP LLC,,2311 5th St,Riverside,92507,05/05/2025,"$390,000",company
144828,SOL INVS & SLNS INC,,4474 Highland Pl,Riverside,92506,07/18/2024,"$445,000",company
144828,MMKING RENTAL LLC,,4573 Linwood Pl,Riverside,92506,03/31/2025,"$390,000",company
144828,DWELLING SPACES LLC,,4881 Arlington Ave,Riverside,92504,04/24/2025,"$475,000",company
144828,TGM VENTURE PARTNERS LP,,4561 Cover St,Riverside,92506,07/26/2024,"$550,000",company
EASY STREET CAP CA LLC,MARTINEZ ALEJANDRO/TORRES RANDY,Torres Randy,4336 Eileen St,Riverside,92504,11/19/2024,"$440,000",individual
EASY STREET CAP LLC,JIMENEZ JORGE/LIRA ANA G E,Lira Ana G E,7516 San Juan Ave,Riverside,92504,05/08/2025,"$472,000",individual
ANCHOR LOANS LP,CUELLAR GROUP INC/JWISE AMERICAN CO INC,Jwise American Co Inc,7307 Diamond St,Riverside,92504,03/03/2025,"$460,000",company
144828,RYDER CONSTRUCTION INC,,8311 Victoria Ave,Riverside,92504,01/16/2025,"$630,000",company
144828,ESCO PRO LLC,,434 Highland Ave,Riverside,92507,05/13/2025,"$280,000",company
144828,LIFE FIRST TRAINING GROUP LLC,,770 Libby Dr,Riverside,92507,01/03/2025,"$615,000",company
144828,REVIVE MORTGAGE INC,,560 Keown Ct,Riverside,92507,02/25/2025,"$625,000",company
144828,33 INC,,7436 Reche Canyon Rd,Colton,92324,02/10/2025,"$470,000",company
144828,FLIPPING SOCAL LLC,,22146 Naples Dr,Moreno Valley,92557,04/21/2025,"$510,000",company
144828,OPTION ONE SERVICES LLC,,7451 Marilyn Dr,Corona,92881,11/12/2024,"$845,000",company
144828,FLIPPING SOCAL LLC,,9239 Stone Canyon Rd,Corona,92883,03/06/2025,"$540,000",company
144828,VANTAGE POINT PROPERTIES 20,,9510 Nickellaus Ct,Corona,92883,05/12/2025,"$600,000",individual
EASY STREET CAP CA LLC,GANDHI INVESTMENT LLC,,18085 Golden Leaf Ln,Riverside,92504,05/01/2025,"$610,000",company
144828,NC ELEVATE INVESTMENTS LLC,,17645 Haines St,Perris,92570,09/12/2024,"$530,000",company
144828,CASA COMMON LLC,,238 Sunny Halo Ct,Perris,92571,09/04/2024,"$362,500",company
EASY STREET CAP LLC,PREZ INVESTMENTS,,27200 Arla St,Moreno Valley,92555,07/31/2024,"$382,000",individual
144828,KAM NGO TRUST PT,,20108 Vista Del Lago,Perris,92570,03/05/2025,"$400,000",individual
144828,HERRERAS ADVISORS LLC,,20713 Clark St,Perris,92570,01/30/2025,"$550,000",company
144828,28032BENIGNIAVE LLC,,28032 Benigni Ave,Menifee,92585,03/13/2025,"$300,000",company
144828,SOUTHLAND MORTGAGE COMPANY INC,,26949 Shelter Cove Ct,Menifee,92585,02/13/2025,"$515,000",company
EASY STREET CAP LLC,HHERRO LLC,,27192 Howard St,Menifee,92586,02/21/2025,"$300,000",company
152575,ACE GENERAL SERVICES LLC,,28910 Carmel Rd,Sun City,92586,02/13/2025,"$380,000",company
144828,MORIAH HOLDINGS LLC,,20220 Walnut St,Perris,92570,09/09/2024,"$320,000",company
EASY STREET CAP CA LLC,MY HOME ENTERPRISE INC/NAVEED MOHAMMAD,Naveed Mohammad,23780 Newport Dr,Menifee,92587,01/31/2025,"$218,000",company
144828,IE HOME SOLUTIONS LLC,,29300 Mammoth Pl,Canyon Lake,92587,02/25/2025,"$602,000",company
144828,IE HOME SOLUTIONS LLC,,22951 Lassen Dr,Canyon Lake,92587,04/30/2025,"$600,000",company
EASY STREET CAP CA LLC,IE HOME SOLUTIONS LLC,,22587 Canyon Lake Dr S,Canyon Lake,92587,12/05/2024,"$460,000",company
144828,TITO CAPITAL INVESTMENTS LLC,,23831 Cruise Circle Dr,Canyon Lake,92587,11/27/2024,"$470,000",company
144828,PIVOT VENTURE GROUP LLC,,31755 Country Haven Ln,Menifee,92584,04/30/2025,"$850,000",company
ANCHOR LOANS LP,DUCK PROPERTIES LLC,,,,,09/26/2024,"$330,000",company
ANCHOR LOANS LP,DUCK PROPERTIES LLC,,,,,09/26/2024,"$330,000",company
ANCHOR LOANS LP,DUCK PROPERTIES LLC,,34252 Harrow Hill Rd,Wildomar,92595,10/15/2024,"$323,000",company
ANCHOR LOANS LP,BOARDROOM III LLC,,33418 Furrow Ct,Wildomar,92595,04/14/2025,"$325,000",company
EASY STREET CAP CA LLC,FAMILY HOME ASSISTANCE LLC,,30237 Bristol Gate Ln,Menifee,92584,01/10/2025,"$470,000",company
144828,TGM VENTURE PARTNERS LP,,733 Mill St,Lake Elsinore,92530,03/31/2025,"$345,000",company
144828,ANEROL LLC,,15030 Marcolesco St,Lake Elsinore,92530,04/18/2025,"$380,000",company
ANCHOR LOANS LP,SEBA RESIDENTIAL LLC,,18299 Brightman Ave,Lake Elsinore,92530,05/14/2025,"$340,000",company
144828,RIDGEWOOD PROPERTY INVS LLC,,15195 Laguna Ave,Lake Elsinore,92530,04/24/2025,"$310,000",company
EASY STREET CAP CA LLC,SUMMIT PEAK PROPERTIES LLC,,15475 Shadow Mountain Ln,Lake Elsinore,92530,03/03/2025,"$380,000",company
144828,CASAS REALTY,,1172 Cedar Hollow Rd,Beaumont,92223,01/17/2025,"$390,000",individual
144828,PRISTINE BUILDERS INC,,915 5th St,Calimesa,92320,02/11/2025,"$425,000",company
144828,33 INC,,9240 Calimesa Blvd,Calimesa,92320,01/10/2025,"$365,000",company
144828,33 INC,,,,,01/10/2025,"$365,000",company
144828,COMMUNITY BUILDING GROUP LLC,,902 Elm Ave,Beaumont,92223,05/09/2025,"$300,000",company
144828,A & B INVESTORS LLC,,1175 Oak Valley Pkwy,Beaumont,92223,12/18/2024,"$285,000",company
144828,REAL ESTATE RECOVERY INC,,720 Big Spring Dr,Banning,92220,05/01/2025,"$282,000",company
EASY STREET CAP CA LLC,CENTENO LUCIO R B/BAIRES AMERICA,Baires America,30567 Delta Dr,Nuevo,92567,09/13/2024,"$507,000",individual
144828,MM DIAMOND INVESTMENT LLC,,880 E Wright St,Hemet,92543,05/23/2025,"$300,000",company
EASY STREET CAP CA LLC,SIM ENTS LA INC,,1170 Turquoise St,Hemet,92543,04/30/2025,"$325,000",company
144828,METFOUR CONNECT INC,,539 Hydrangea St,Hemet,92543,05/21/2025,"$489,500",company
144828,TRUSTING HOUSE LLC,,1730 San Simeon Dr,Hemet,92545,05/23/2025,"$165,000",company
ANCHOR LOANS LP,LMSM LLC,,26365 Cortrite Ave,Hemet,92545,07/30/2024,"$175,000",company
ANCHOR LOANS LP,LMSM LLC,,26157 Olson Ave,Homeland,92548,03/06/2025,"$180,000",company
144828,TITO CAPITAL INVESTMENTS LLC,,26675 Ironwood Ave,Moreno Valley,92555,11/14/2024,"$630,000",company
144828,LINARES HANDYMAN LLC,,24884 Ironwood Ave,Moreno Valley,92557,11/18/2024,"$365,000",company
EASY STREET CAP CA LLC,CASTANEDA RAFAEL L,,14854 Perham Dr,Moreno Valley,92553,08/21/2024,"$340,000",individual
ANCHOR LOANS LP,EPIC LA QUINTA PARTNERS LLC,,2653 N Kitty Hawk Dr,Palm Springs,92262,02/24/2025,"$580,000",company
144828,G & Y REAL ESTATE LLC,,2895 E Ventura Rd,Palm Springs,92262,09/05/2024,"$560,000",company
144828,SANDOVAL INVESTMENT & DESIGN,,842 N Calle De Pinos,Palm Springs,92262,03/05/2025,"$450,000",individual
144828,FUNDING GROUP INTL CORP,,1065 E Sunny Dunes Rd,Palm Springs,92264,05/28/2025,"$900,000",company
152575,CKS PRIME SERVICES LLC,,1150 E Palm Canyon Dr #54,Palm Springs,92264,04/17/2025,"$355,000",company
144828,CHECKMATE R/E LLC,,156 N Sunset Ave,Banning,92220,12/31/2024,"$350,000",company
144828,ERICK SERVICES LLC,,632 N Soboba St,Hemet,92544,04/22/2025,"$433,000",company
144828,PIVOT VENTURE GROUP LLC,,25564 Sharp Dr #G,Hemet,92544,04/30/2025,"$158,000",company
ANCHOR LOANS LP,3 BROS REAL ESTATE LLC,,28300 Vista Del Valle,Hemet,92544,11/05/2024,"$515,000",company
ANCHOR LOANS LP,LMSM LLC,,59121 Trails End Ln,Anza,92539,12/20/2024,"$180,000",company
ANCHOR LOANS LP,DUCK PROPERTIES LLC,,43548 Deglet Noor St,Indio,92201,10/16/2024,"$235,000",company
144828,PWN HOLDINGS INC,,47718 Phoenix St,Indio,92201,03/11/2025,"$459,500",company
144828,ENLIGHTEN HOMES LLC,,76238 Honeysuckle Dr,Palm Desert,92211,01/17/2025,"$415,000",company
144828,ROYAL HOME SOLUTIONS LLC,,72644 Raven Rd #2,Palm Desert,92260,03/03/2025,"$198,000",company
152575,DESERT HOME INVESTORS 1 LLC,,75161 Spyglass Dr,Indian Wells,92210,01/07/2025,"$1,100,000",company
152575,ALBONICO LORI/STEPHENS KELLY,Stephens Kelly,75090 Inverness Dr,Indian Wells,92210,12/12/2024,"$1,950,000",company
144828,LIU AILEPATA JR,,69719  PALM SPRINGS AVE (No Mail),Mountain Center,92561,12/04/2024,"$116,000",individual
144828,EVOLUTION LLC,,66173 Avenida Dorado,Desert Hot Springs,92240,09/13/2024,"$300,000",company
144828,DE LA PAZ R/E ENTERPRISES LLC,,66146 Acoma Ave,Desert Hot Springs,92240,01/24/2025,"$173,000",company
ANCHOR LOANS LP,TUKASA INC,,66261 Buena Vista Ave,Desert Hot Springs,92240,05/06/2025,"$187,000",company
144828,OCEANS PROPERTIES LLC,,66691 Flora Ave,Desert Hot Springs,92240,10/16/2024,"$265,000",company
144828,221 AVENIDA ORTEGA LLC,,13565 Monterey Rd,Desert Hot Springs,92240,01/03/2025,"$270,000",company
144828,NICANTHONY LLC,,13665 Quinta Way,Desert Hot Springs,92240,02/13/2025,"$300,000",company
ANCHOR LOANS LP,DUCK PROPERTIES LLC,,14777 Palm Dr #113,Desert Hot Springs,92240,03/10/2025,"$35,000",company
144828,EVOLUTION LLC,,67715 Broken Arrow Ln,Desert Hot Springs,92241,03/04/2025,"$360,000",company
144828,TERRAZA CONSTRUCTION INC,,67780 Club House Dr,Desert Hot Springs,92241,04/22/2025,"$285,000",company
144828,CACTUS INV PROP LLC,,9740 Capiland Rd,Desert Hot Springs,92240,12/19/2024,"$280,000",company
ANCHOR LOANS LP,TUKASA INC/EMPAME BUSINESS INC,Empame Business Inc,65565 Acoma Ave #68,Desert Hot Springs,92240,02/25/2025,,company
144828,C SQUARED CAPITAL LLC,,28381 Avenida La Vis,Cathedral City,92234,10/25/2024,"$408,000",company
144828,ANNA HOMES LLC,,347 Westlake Ter,Palm Springs,92264,01/07/2025,"$805,000",company
144828,MVAA PROPERTIES LLC,,139 Desert Lakes Dr,Palm Springs,92264,05/19/2025,"$600,000",company
144828,ANNA HOMES LLC,,399 Desert Lakes Dr,Palm Springs,92264,04/25/2025,"$825,000",company
144828,ANNA HOMES LLC,,172 Desert Lakes Dr,Palm Springs,92264,03/17/2025,"$711,000",company
144828,SANDOVAL INV & DESIGN CO,,1 Sunrise Dr,Rancho Mirage,92270,01/30/2025,"$450,000",company
144828,SANDOVAL INVESTMENT & DESIG,,34 La Cerra Dr,Rancho Mirage,92270,03/06/2025,"$480,000",individual
144828,SANDOVAL INV & DESIGN CO,,42 La Cerra Dr,Rancho Mirage,92270,09/13/2024,"$485,000",company
EASY STREET CAP CA LLC,PROPERTY SOLUTIONS LLC,,232 Kavenish Dr W,Rancho Mirage,92270,12/23/2024,"$420,000",company
144828,MATHERS CAPITAL LLC,,67955 Foothill Rd,Cathedral City,92234,09/03/2024,"$850,000",company
EASY STREET CAP CA LLC,REAL ESTATE INVESTMENT P5 LLC,,38220 Dorn Rd,Cathedral City,92234,08/12/2024,"$428,000",company
ANCHOR LOANS LP,TUKASA INC,,71345 Kempton Ave,Rancho Mirage,92270,11/05/2024,"$720,000",company
ANCHOR LOANS LP,DUCK PROPERTIES LLC,,73300 Broadmoor Dr,Thousand Palms,92276,10/16/2024,"$400,000",company
144828,SUPERLATIVE HOME INVESTMENTS,,52451 Avenida Obregon,La Quinta,92253,03/05/2025,"$410,000",individual
144828,GABRIEL A ALBANEZ LLC,,53130 Avenida Mendoza,La Quinta,92253,09/30/2024,"$380,000",company
144828,JGW VENTURES LLC,,54330 Avenida Diaz,La Quinta,92253,09/12/2024,"$405,000",company
144828,EM INVESTMENT GROUP LLC,,52408 Cypress St,Coachella,92236,03/14/2025,"$238,000",company
144828,DOMINATION REAL ESTATE HOLDIN,,650 W 10th Ave,Blythe,92225,12/17/2024,"$211,000",individual
144828,ORELLANA FAMILY LAND HOLDINGS,,30581 Del Rey Rd,Temecula,92591,02/27/2025,"$850,000",company
144828,E-SQUARED INVESTMENTS LLC,,37285 Avenida Bravura,Temecula,92592,12/17/2024,"$850,000",company
144828,AFFORDABLE PRO HMS & INVS LLC,,41105 Valle Vis,Murrieta,92562,08/12/2024,"$950,000",company
144828,EUCALYPTUS CENTER MGMT INC,,39648 Nice Ave,Murrieta,92562,08/27/2024,"$725,000",company
144828,GBKD INC,,32580 Caminito Rosada,Temecula,92592,11/19/2024,"$820,000",company
144828,HOUSE HELPERS LLC,,1381 E 5th St,Ontario,91764,01/29/2025,"$505,000",company
144828,TEE OWE CAPITAL INC,,971 N Clifford Ave,Rialto,92376,05/20/2025,"$440,000",company
ANCHOR LOANS LP,CUELLAR GROUP INC,,635 N Riverside Ave,Rialto,92376,02/21/2025,"$475,000",company
144828,REALTY VAULT CORP,,564 N Riverside Ave,Rialto,92376,12/13/2024,"$500,000",company
144828,EAC INVESTMENTS LLC,,604 N Acacia Ave,Rialto,92376,05/27/2025,"$425,000",company
144828,PREMIER ASSET HOLDINGS LLC,,1023 W Congress St,San Bernardino,92410,05/13/2025,"$215,000",company
EASY STREET CAP CA LLC,HBNSONS LLC,,1354 W King St,San Bernardino,92410,11/15/2024,"$440,000",company
144828,URBAN STREET VENTURES INC,,1158 W 11th St,San Bernardino,92411,05/02/2025,"$375,000",company
ANCHOR LOANS LP,CUELLAR GROUP INC,,1598 W 7th St,San Bernardino,92411,05/14/2025,"$362,000",company
144828,M & A HOLDINGS LLC,,260 E 10th St,San Bernardino,92410,11/14/2024,"$320,000",company
144828,SEA CLIFF LIQUIDITY,,205 Whipple Mountain Rd,San Bernardino,92410,05/12/2025,"$245,000",individual
144828,COMMUNITY BUILDING GROUP LLC,,1189 W 19th St,San Bernardino,92411,04/23/2025,"$330,000",company
EASY STREET CAP CA LLC,REVILO HOLDINGS LLC,,1278 Perris St,San Bernardino,92411,03/21/2025,"$305,000",company
144828,UWP INVESTMENTS LLC,,957 W 14th St,San Bernardino,92411,04/14/2025,"$270,000",company
EASY STREET CAP CA LLC,REVILO HOLDINGS LLC,,798 W 18th St,San Bernardino,92405,04/30/2025,"$250,000",company
144828,PORTER REAL ESTATE,,784 W 17th St,San Bernardino,92405,03/06/2025,"$337,000",individual
144828,UWP INVESTMENTS LLC,,204 E 16th St,San Bernardino,92404,03/07/2025,"$342,500",company
144828,BEST CHOICE PROPERTIES LLC,,1084 W Marshall Blvd,San Bernardino,92405,03/17/2025,"$610,000",company
144828,BEST CHOICE PROPERTIES LLC,,1084 W Marshall Blvd,San Bernardino,92405,03/17/2025,"$610,000",company
144828,RS REAL ESTATE &,,4140 Quail Canyon Rd,San Bernardino,92404,02/19/2025,"$510,000",individual
144828,MOO MOO INVESTMENT LLC,,4102 Quail Canyon Rd,San Bernardino,92404,11/25/2024,"$660,000",company
144828,AMJ PROPERTY 2022 LLC,,1160 Sonora St,San Bernardino,92404,12/13/2024,"$490,000",company
144828,ZBUYERZ LLC,,1608 Heron Ct,Redlands,92374,05/01/2025,"$410,000",company
EASY STREET CAP CA LLC,QUINTERO ANTONIO JR,,1208 Texas St,Redlands,92374,08/27/2024,"$355,000",individual
EASY STREET CAP CA LLC,GANDHI INVESTMENT LLC,,932 6th St,Redlands,92374,05/06/2025,"$380,000",company
144828,TGM VENTURE PARTNERS LP,,1321 Stillman Ave,Redlands,92374,02/12/2025,"$445,000",company
144828,ROBINHOOD LLC,,133 S San Mateo St,Redlands,92373,03/31/2025,"$470,000",company
EASY STREET CAP CA LLC,L & L RUNNERS LLC,,1208 Del Haven Ct,Redlands,92374,04/14/2025,"$505,000",company
144828,BREAZEALE SPORTS INC,,1563 Gary Ln,Redlands,92374,03/24/2025,"$550,000",company
144828,PATRON INVESTMENTS LLC,,16386 Randall Ave,Fontana,92335,04/17/2025,"$616,500",company
144828,RIDGEWOOD PROP INVS LLC,,11979 Savona Dr,Fontana,92337,05/15/2025,"$473,000",company
144828,SKY LIVING INVESTMENTS LLC,,9757 Balaton St,Rancho Cucamonga,91737,04/22/2025,"$575,000",company
144828,ELITE PREMIER INVESTMENTS INC,,7171 Garnet St,Rancho Cucamonga,91701,01/23/2025,"$500,000",company
144828,ELITE PREMIER INVESTMENTS INC,,8672 La Grande St,Rancho Cucamonga,91701,01/15/2025,"$500,000",company
EASY STREET CAP CA LLC,DIAZ RICARDO I,,6880 Topaz St,Rancho Cucamonga,91701,10/10/2024,"$525,000",individual
144828,SKY LIVING INVESTMENTS LLC,,9090 Hemlock St,Rancho Cucamonga,91730,02/12/2025,"$500,000",company
144828,BEST CHOICE PROPERTIES LLC,,1232 E Tam O Shanter St,Ontario,91761,01/16/2025,"$680,000",company
144828,COMMONWEALTH GROUP LLC,,5672 San Marino Way,Rancho Cucamonga,91739,05/13/2025,"$700,000",company
144828,33 INC,,14080 Crestline Pl,Rancho Cucamonga,91739,03/27/2025,"$850,000",company
EASY STREET CAP CA LLC,L & L RUNNERS LLC,,6770 Tokay Ave,Fontana,92336,02/04/2025,"$482,500",company
144828,RAMOS DEVELOPMENTS INC,,15601 Northwind Ave,Fontana,92336,04/18/2025,"$620,000",company
144828,LEGACY HOMES INVESTMENTS,,8203 Redwood Ave,Fontana,92335,05/20/2025,"$477,000",individual
EASY STREET CAP CA LLC,GANDHI INVESTMENT LLC,,15177 Upland Ave,Fontana,92335,12/30/2024,"$370,000",company
144828,TGM VENTURE PARTNERS LP,,15250 Holly Dr,Fontana,92335,05/08/2025,"$402,000",company
144828,UNITED PROPERTY SERVICES LLC,,9944 Poplar Ave,Fontana,92335,04/14/2025,"$512,000",company
144828,CSET LLC,,10808 Alameda Ave,Bloomington,92316,12/17/2024,"$405,000",company
144828,SHOWTIME PROP INVS LLC,,18612 13th St,Bloomington,92316,05/21/2025,"$275,000",company
EASY STREET CAP CA LLC,TEE OWE CAPITAL INC/INDESIGNING LLC,Indesigning LLC,19605 Galway St,Rialto,92377,03/19/2025,"$515,000",company
144828,RIDGEWOOD PROP INVS LLC,,1551 Indian Trl,San Bernardino,92407,03/07/2025,"$462,000",company
EASY STREET CAP CA LLC,MARENO HECTOR M JR,,3705 Conejo Dr,San Bernardino,92404,09/09/2024,"$385,000",individual
EASY STREET CAP CA LLC,REVILO HOLDINGS LLC,,1150 Del Norte Dr,San Bernardino,92404,04/08/2025,"$375,000",company
144828,SEA CLIFF LIQUIDITY,,7046 Tippecanoe Ave,San Bernardino,92404,11/01/2024,"$342,500",individual
144828,TGM VENTURE PARTNERS LP,,7149 Fairfax Dr,San Bernardino,92404,12/02/2024,"$331,000",company
144828,EAC INVESTMENTS LLC,,1151 Grand Ave,Colton,92324,04/03/2025,"$420,000",company
144828,STRICKLAND SERVICES INC,,1025 N Tippecanoe Ave #106,San Bernardino,92410,03/20/2025,"$217,000",company
144828,ZNZ INC,,390 E 4th St,San Bernardino,92410,02/27/2025,"$351,000",company
144828,RELIABLE REALTY GROUP INC,,11170 Rosarita Dr,Loma Linda,92354,04/18/2025,"$560,000",company
144828,TGM VENTURE PARTNERS LP,,11543 Hillcrest Ct,Loma Linda,92354,01/30/2025,"$470,000",company
144828,HURON ASSET MANAGEMENT LLC,,25051 Crestview Dr,Loma Linda,92354,05/16/2025,"$685,000",company
144828,LUNAA GROUP INC,,26339 First St,Bryn Mawr,92318,02/11/2025,"$332,500",company
144828,EURO-ART CONTRACTORS INC,,4100 Mill Creek Rd,Mentone,92359,12/02/2024,"$299,000",company
EASY STREET CAP CA LLC,HBNSONS LLC,,439 Tanglewood Dr,Big Bear City,92314,09/30/2024,"$455,000",company
144828,O & R LEGACY CONSULTING LLC,,236 Greenspot Rd,Big Bear City,92314,05/07/2025,"$375,000",company
EASY STREET CAP CA LLC,PACIFIC HORIZON PROPS OH LLC,,35029 Avenue G,Yucaipa,92399,01/30/2025,"$390,000",company
EASY STREET CAP LLC,HIGH HORIZONS LLC,,11707 Pendleton Rd,Yucaipa,92399,03/03/2025,"$406,500",company
ANCHOR LOANS LP,CUSTOM NEST LLC,,358 Ca-173,Lake Arrowhead,92352,04/04/2025,"$1,175,000",company
144828,DLER MURSHIDI LLC,,27757 North Bay Rd,Lake Arrowhead,92352,08/22/2024,"$470,000",company
EASY STREET CAP CA LLC,WDM WESTERN INC,,377 Hillside Rd,Lake Arrowhead,92352,01/16/2025,"$392,000",company
144828,GENGISJOR LLC/RUEGER-WEISE JULIA L,Rueger-Weise Julia L,23785 Zurich Dr,Crestline,92325,07/11/2024,"$320,000",company
144828,TCM FAMILY ENTS LLC,,628 Friendly Ln,Crestline,92325,11/21/2024,"$160,000",company
144828,S & H PROPERTY MANAGEMENT LLC,,17470 Bangor Ave,Hesperia,92345,10/15/2024,"$325,000",company
144828,33 INC,,15555 Mojave St,Hesperia,92345,04/14/2025,"$320,000",company
EASY STREET CAP CA LLC,PERI STEVE,,9546 San Pablo Ave,Hesperia,92345,04/24/2025,"$310,000",individual
144828,DARLING INVESTMENT PROPERTIES,,11319 1st Ave,Hesperia,92345,04/25/2025,"$295,000",individual
144828,AMJ PROPERTY 2022 LLC,,11343 1st Ave,Hesperia,92345,03/10/2025,"$305,000",company
144828,E & O PROPERTIES INC,,16621 Verano St,Hesperia,92345,01/17/2025,"$365,000",company
144828,CIZA INVESTMENTS LLC,,12074 Lee Ave,Adelanto,92301,02/28/2025,"$178,500",company
144828,DESERT PEACE 26 LLC,,15604 6th St,Victorville,92395,01/06/2025,"$250,000",company
144828,NICANTHONY LLC,,17060 Lorene Dr,Victorville,92395,05/19/2025,"$260,000",company
144828,GFM REAL ESTATE LLC,,13710 White Sail Dr,Victorville,92395,11/19/2024,"$477,000",company
144828,FORTUNE SPRINGS LLC,,11616 Tecopa Dr,Morongo Valley,92256,10/03/2024,"$495,000",company
144828,S JONES ENTS INC,,54858 Martinez Trl,Yucca Valley,92284,10/15/2024,"$117,000",company
EASY STREET CAP CA LLC,CASADEANCA2 LLC,,56780 Taos Cir,Yucca Valley,92284,04/08/2025,"$495,000",company
EASY STREET CAP CA LLC,COSMIC CASITAS LLC,,62676 Quail Springs Rd,Joshua Tree,92252,04/21/2025,"$725,000",company
144828,CRAWFORD PHYLLIS J TRUST,,,,,02/18/2025,"$246,000",ignored
144828,CRAWFORD PHYLLIS J TRUST,,7620 Utah Trl #A,Twentynine Palms,92277,02/18/2025,"$246,000",ignored
144828,CRAWFORD PHYLLIS J TRUST,,,,,02/18/2025,"$246,000",ignored
EASY STREET CAP CA LLC,AJ FORTIUS LLC,,59828 Belfair Dr,Yucca Valley,92284,01/10/2025,"$1,232,500",company
144828,SKETCH MANAGEMENT LLC,,62580 Blair Ln,Joshua Tree,92252,04/18/2025,"$255,000",company
144828,SKETCH MANAGEMENT LLC,,70626 Sunny Sands Dr,Twentynine Palms,92277,03/27/2025,"$229,000",company
144828,SKETCH MANAGEMENT LLC,,7129 Ivanpah Ave,Twentynine Palms,92277,05/27/2025,"$260,000",company
ANCHOR LOANS LP,TUKASA INC,,6659 Bermuda Ave,Twentynine Palms,92277,01/23/2025,"$220,000",company
144828,DADDY HOME INVESTMENT LLC,,73193 Sun Valley Dr,Twentynine Palms,92277,10/23/2024,"$145,000",company
EASY STREET CAP CA LLC,8545 AMADOR LLC,,6316 Palm View Ave,Twentynine Palms,92277,01/17/2025,"$180,000",company
EASY STREET CAP CA LLC,8545 AMADOR LLC,,74031 Gorgonio Dr,Twentynine Palms,92277,01/17/2025,"$180,000",company
144828,VETTEDBUYER CORP,,74855 Alta Loma Dr,Twentynine Palms,92277,09/17/2024,"$160,000",company
ANCHOR LOANS LP,797 SWITZERLAND PL LLC,,62050 Sonora Rd,Joshua Tree,92252,01/21/2025,"$765,000",company
EASY STREET CAP CA LLC,REVILO HOLDINGS LLC,,2361 N San Antonio Ave,Upland,91784,11/18/2024,"$650,000",company
144828,UWP INVESTMENTS LLC,,1159 Sunset Ct,Upland,91784,02/27/2025,"$1,058,000",company
144828,FINE LINE INVESTMENTS LLC,,10065 Tudor Ave,Montclair,91763,04/01/2025,"$580,000",company
144828,HKH INVESTMENTS LLC,,1046 Eclipse Ct,Ontario,91762,10/18/2024,"$590,000",company
144828,10 MIL INVESTMENTS INC,,3839 Riverside Dr,Chino,91710,04/22/2025,"$520,000",company
144828,NC ELEVATE INVESTMENTS LLC,,13635 Frady Ave,Chino,91710,05/23/2025,"$618,000",company
144828,CAPTAIN CASH CO,,13198 Oaks Ave,Chino,91710,02/18/2025,"$410,000",company
144828,NICANTHONY LLC,,4875 Fairway Blvd,Chino Hills,91709,04/11/2025,"$530,000",company
EASY STREET CAP CA LLC,ESTRADA YUANYUAN X,,14741 Calle Primavera,Chino Hills,91709,08/20/2024,"$675,000",individual
144828,ORELLANA FAM LAND HLDGS LLC,,1604 N Laurel Ave,Upland,91784,02/21/2025,"$1,060,000",company
144828,TGM VENTURE PARTNERS LP,,1335 N Holmes Ave,Ontario,91764,01/14/2025,"$471,000",company
144828,SEA CLIFF LIQUIDITY,,2703 S Fern Ave,Ontario,91762,04/08/2025,"$570,000",individual
EASY STREET CAP CA LLC,GANDHI INVESTMENT LLC,,6114 Sard St,Rancho Cucamonga,91701,05/13/2025,"$925,000",company
144828,AH PROPERTIES I INC,,9211 Regency Way,Rancho Cucamonga,91701,02/28/2025,"$720,000",company
EASY STREET CAP CA LLC,LOPEZ MARIA DIAZ/BRIDGMAN FAMILY CREDIT SHLTR,Bridgman Family Credit Shltr,5673 Bonita Ave,Rancho Cucamonga,91737,08/27/2024,"$929,000",individual
144828,SKY LIVING INVESTMENTS LLC,,3266 Ashgate Ct,Ontario,91761,03/05/2025,"$525,000",company
EASY STREET CAP CA LLC,MCKV LLC/SAGE VENTURES GROUP LLC,Sage Ventures Group LLC,7059 Potenza Pl,Rancho Cucamonga,91701,04/09/2025,"$600,000",company
144828,HERITAGE CONST CONSULTING INC,,12331 Dove Tree Dr,Rancho Cucamonga,91739,04/09/2025,"$735,000",company
144828,UWP INVESTMENTS LLC,,2504 N Fitzsimmons Ave,Rialto,92377,04/14/2025,"$490,000",company
144828,HOPE ST LLC,,2465 N Idyllwild Ave,Rialto,92377,04/10/2025,"$427,500",company
144828,EXCLUSIVE FINANCIAL GRP,,12887 Mount Vernon Ave,Grand Terrace,92313,03/31/2025,"$400,000",individual
144828,MUNAY HOMES LLC,,1442 Blythe Ave,Highland,92346,03/26/2025,"$350,000",company
144828,TRUSTED PROPERTY SOLUTIONS,,7488 Los Feliz Dr,Highland,92346,03/21/2025,"$186,000",individual
144828,SAINZ ENTERPRISES LLC,,26408 9th St,Highland,92346,08/28/2024,"$550,000",company
144828,PCF HOLDINGS,,7786 Mckinley Ave,San Bernardino,92410,09/27/2024,"$492,000",company
144828,RIDGEWOOD PROP INVS LLC,,7687 Central Ave,Highland,92346,02/27/2025,"$425,000",company
EASY STREET CAP CA LLC,FX CLOSINGS LLC,,27471 Main St,Highland,92346,04/29/2025,"$369,000",company
144828,PRIME ASSET INVESTMENTS LLC/HERNANDEZ GILBERTO,Hernandez Gilberto,7498 Church St,Highland,92346,08/22/2024,"$700,000",company
144828,LANDREN BOLT LLC,,1897 Desert Front Rd,Wrightwood,92397,08/07/2024,"$270,000",company
144828,REO WEALTH INC,,8171 Buttonwood St,Phelan,92371,02/12/2025,"$180,000",company
144828,AP CAPITAL 1 CORP,,13184 Mammoth St,Hesperia,92344,02/18/2025,"$405,000",company
ANCHOR LOANS LP,KIRA G LLC,,12272 Bayou Pl,Victorville,92392,01/21/2025,"$415,000",company
144828,S & H PROPERTY MANAGEMENT LLC,,13173 Paraiso Rd,Apple Valley,92308,02/18/2025,"$532,000",company
144828,MONET INVESTMENTS LLC,,20449 Brazos Dr,Apple Valley,92308,11/18/2024,"$400,000",company
144828,HKH INVESTMENTS LLC,,12163 Pluto Dr,Victorville,92392,05/22/2025,"$251,500",company
144828,REO WEALTH INC,,3874 Kreuer Rd,Phelan,92371,05/13/2025,"$330,000",company
EASY STREET CAP CA LLC,SANCHEZ ABELARDO A,,10779 Begonia St,Adelanto,92301,05/02/2025,"$269,000",individual
144828,SOCAL INVESTMENT GROUP LLC,,12379 Southwind St,Victorville,92392,01/24/2025,"$330,000",company
EASY STREET CAP CA LLC,OROZCOS REAL ESTATE LLC,,11423 Violeta St,Ventura,93004,12/03/2024,"$1,025,000",company
152575,KERNS FAMILY TRUST,,366 Avocado Pl,Camarillo,93010,07/08/2024,"$2,255,000",ignored
152575,ALLEN FAMILY TRUST,,350 Highland Hills Dr,Camarillo,93010,10/29/2024,"$900,000",ignored
144828,JT HOLDINGS LLC,,5261 Reef Way,Oxnard,93035,04/14/2025,"$1,150,000",company
144828,DOLCE HOUSE,,3484 Sunset Ln,Oxnard,93035,01/14/2025,"$650,000",individual
144828,HARRIS BUILDS LLC,,148 Via Magnolia,Newbury Park,91320,10/22/2024,"$1,415,000",company
144828,CRE8TINGS LLC,,12496 Arbor Hill St,Moorpark,93021,05/29/2025,"$999,000",company
ANCHOR LOANS LP,ACHABAHIAN VARTAN,,3930 Weeping Willow Dr,Moorpark,93021,11/15/2024,"$825,000",individual
144828,JT HOLDINGS LLC,,2037 Kirtland Cir,Thousand Oaks,91360,04/21/2025,"$945,000",company
144828,JT HOLDINGS LLC,,674 Lautrec Ct,Thousand Oaks,91360,05/09/2025,"$1,325,000",company
144828,BALSAMO HOME INVESTMENTS LLC,,2343 Calle Alucema,Thousand Oaks,91360,04/21/2025,"$725,000",company
